-- phpMyAdmin SQL Dump
-- version 5.2.1
-- https://www.phpmyadmin.net/
--
-- Host: 127.0.0.1
-- Generation Time: Oct 18, 2025 at 01:21 AM
-- Server version: 10.4.32-MariaDB
-- PHP Version: 8.2.12

SET SQL_MODE = "NO_AUTO_VALUE_ON_ZERO";
START TRANSACTION;
SET time_zone = "+00:00";


/*!40101 SET @OLD_CHARACTER_SET_CLIENT=@@CHARACTER_SET_CLIENT */;
/*!40101 SET @OLD_CHARACTER_SET_RESULTS=@@CHARACTER_SET_RESULTS */;
/*!40101 SET @OLD_COLLATION_CONNECTION=@@COLLATION_CONNECTION */;
/*!40101 SET NAMES utf8mb4 */;

--
-- Database: `posjoyomukti`
--

-- --------------------------------------------------------

--
-- Table structure for table `hasil_analisis_apriori`
--

CREATE TABLE `hasil_analisis_apriori` (
  `id_analisis` int(5) NOT NULL,
  `produk_1` varchar(100) NOT NULL,
  `produk_2` varchar(100) NOT NULL,
  `support` varchar(4) NOT NULL,
  `confidence` varchar(4) NOT NULL,
  `lift` varchar(4) NOT NULL,
  `bulan` int(2) NOT NULL,
  `tahun` int(4) NOT NULL,
  `created_at` timestamp NOT NULL DEFAULT current_timestamp()
) ENGINE=InnoDB DEFAULT CHARSET=utf8mb4 COLLATE=utf8mb4_general_ci;

--
-- Dumping data for table `hasil_analisis_apriori`
--

INSERT INTO `hasil_analisis_apriori` (`id_analisis`, `produk_1`, `produk_2`, `support`, `confidence`, `lift`, `bulan`, `tahun`, `created_at`) VALUES
(1, 'Kemeja Batik  kawung Wanita Cokelat (L)', 'Kemeja Batik Anak Biru laut(S)', '11.4', '80', '', 6, 2025, '2025-06-30 11:48:54'),
(2, 'Dress Batik Dewasa Hijau (S)', 'Kemeja Batik Wanita Merah Maroon', '10', '77.7', '', 6, 2025, '2025-06-30 11:48:54'),
(3, 'Tunik Batik Anak Pink(S)', 'Tunik Batik Wanita Merah (All)', '8.57', '85.7', '', 6, 2025, '2025-06-30 11:48:54'),
(4, 'Kemeja Batik Anak Laki-laki Hijau', 'Tunik Batik Kombinasi Cyan (M)', '8.57', '75', '', 6, 2025, '2025-06-30 11:48:54'),
(5, 'Kemeja Batik Pria Biru ', 'Tunik Batik Anak Pink(S)', '9.09', '100', '', 7, 2025, '2025-07-30 00:47:35'),
(6, 'Kemeja Batik  kawung Wanita Cokelat (L)', 'Kemeja Batik Lengan Pendek Ungu(M)', '9.09', '100', '', 7, 2025, '2025-07-30 00:47:35'),
(7, 'Dress Batik Dewasa Hijau (S)', 'Kemeja Batik Anak Perempuan Pink', '6.81', '60', '', 7, 2025, '2025-07-30 00:47:35'),
(8, 'Kemeja Batik Anak Laki-laki Hijau', 'Tunik Batik Kombinasi Cyan (M)', '4.54', '100', '', 7, 2025, '2025-07-30 00:47:35'),
(9, 'Dress Batik Anak Ungu (M)', 'Tunik Batik Kombinasi Cyan (M)', '4.54', '66.6', '', 7, 2025, '2025-07-30 00:47:35');

-- --------------------------------------------------------

--
-- Table structure for table `kategori`
--

CREATE TABLE `kategori` (
  `id_kategori` char(4) NOT NULL,
  `nama_kategori` varchar(50) NOT NULL
) ENGINE=InnoDB DEFAULT CHARSET=utf8mb4 COLLATE=utf8mb4_general_ci;

--
-- Dumping data for table `kategori`
--

INSERT INTO `kategori` (`id_kategori`, `nama_kategori`) VALUES
('K-01', 'Kemeja Batik Pria Lengan Pendek'),
('K-02', 'Kemeja Batik Wanita'),
('K-03', 'Tunik Batik Wanita'),
('K-04', 'Dress Batik Wanita'),
('K-05', 'Kemeja Batik Anak Laki-laki'),
('K-07', 'Tunik Batik Anak Perempuan'),
('K-08', 'Dress Batik Anak Perempuan'),
('K-09', 'Baju Batik Sarimbit'),
('K-10', 'Pakaian Batik Keluarga'),
('K-11', 'Kemeja Batik Pria Lengan Panjang'),
('K-12', 'Celana Batik Panjang');

-- --------------------------------------------------------

--
-- Table structure for table `penjualan`
--

CREATE TABLE `penjualan` (
  `id_penjualan` int(4) NOT NULL,
  `no_faktur` char(12) NOT NULL,
  `total_transaksi` decimal(10,2) NOT NULL,
  `uang_yang_diserahkan` decimal(10,2) DEFAULT NULL,
  `metode_pembayaran` varchar(40) NOT NULL,
  `id_user` int(1) NOT NULL,
  `tanggal` datetime NOT NULL,
  `bukti_transfer` varchar(50) DEFAULT NULL
) ENGINE=InnoDB DEFAULT CHARSET=utf8mb4 COLLATE=utf8mb4_general_ci;

--
-- Dumping data for table `penjualan`
--

INSERT INTO `penjualan` (`id_penjualan`, `no_faktur`, `total_transaksi`, `uang_yang_diserahkan`, `metode_pembayaran`, `id_user`, `tanggal`, `bukti_transfer`) VALUES
(1, '202506010001', 195000.00, 195000.00, 'Tunai', 2, '2025-06-30 16:31:55', NULL),
(2, '202506010002', 350000.00, 400000.00, 'Transfer', 2, '2025-06-30 16:31:55', NULL),
(3, '202506010003', 240000.00, 250000.00, 'Tunai', 2, '2025-06-30 16:31:55', NULL),
(4, '202506010004', 370000.00, 400000.00, 'Tunai', 2, '2025-06-30 16:31:55', NULL),
(5, '202506020001', 180000.00, 180000.00, 'Tunai', 2, '2025-06-30 16:31:55', NULL),
(6, '202506020002', 370000.00, 400000.00, 'Tunai', 2, '2025-06-30 16:31:55', NULL),
(7, '202506020003', 500000.00, 500000.00, 'Tunai', 2, '2025-06-30 16:31:55', NULL),
(8, '202506030001', 741000.00, 800000.00, 'Transfer', 2, '2025-06-30 16:31:55', NULL),
(9, '202506030002', 540000.00, 600000.00, 'Tunai', 2, '2025-06-30 16:31:55', NULL),
(10, '202506030003', 440000.00, 440000.00, 'Tunai', 2, '2025-06-30 16:31:55', NULL),
(11, '202506030004', 740000.00, 740000.00, 'Tunai', 2, '2025-06-30 16:31:55', NULL),
(12, '202506030005', 639000.00, 1000000.00, 'Transfer', 2, '2025-06-30 16:31:55', NULL),
(13, '202506040001', 570000.00, 600000.00, 'Transfer', 2, '2025-06-30 16:31:55', NULL),
(14, '202506040002', 375000.00, 375000.00, 'Transfer', 2, '2025-06-30 16:31:55', NULL),
(15, '202506050001', 25000.00, 25000.00, 'Transfer', 2, '2025-06-30 16:31:55', NULL),
(16, '202506050002', 785000.00, 800000.00, 'Transfer', 2, '2025-06-30 16:31:55', NULL),
(17, '202506070001', 308000.00, 308000.00, 'Transfer', 2, '2025-06-30 16:31:55', NULL),
(18, '202506070002', 375000.00, 400000.00, 'Tunai', 2, '2025-06-30 16:31:55', NULL),
(19, '202506070003', 1774500.00, 1800000.00, 'Tunai', 2, '2025-06-30 16:31:55', NULL),
(20, '202506070004', 152640.00, 200000.00, 'Tunai', 2, '2025-06-30 16:31:55', NULL),
(21, '202506080001', 640000.00, 700000.00, 'Tunai', 2, '2025-06-30 16:31:55', NULL),
(22, '202506080002', 560000.00, 560000.00, 'Transfer', 2, '2025-06-30 16:31:55', NULL),
(23, '202506080003', 282000.00, 300000.00, 'Transfer', 2, '2025-06-30 16:31:55', NULL),
(24, '202506080004', 390000.00, 400000.00, 'Transfer', 2, '2025-06-30 16:31:55', NULL),
(25, '202506080005', 26500.00, 27000.00, 'Transfer', 2, '2025-06-30 16:31:55', NULL),
(26, '202506080006', 195000.00, 200000.00, 'Tunai', 2, '2025-06-30 16:31:55', NULL),
(27, '202506080007', 25000.00, 25000.00, 'Tunai', 2, '2025-06-30 16:31:55', NULL),
(28, '202506090001', 588000.00, 600000.00, 'Transfer', 2, '2025-06-30 16:31:55', NULL),
(29, '202506090002', 360000.00, 360000.00, 'Transfer', 2, '2025-06-30 16:31:55', NULL),
(30, '202506090003', 522000.00, 550000.00, 'Transfer', 2, '2025-06-30 16:31:55', NULL),
(31, '202506090004', 390000.00, 400000.00, 'Transfer', 2, '2025-06-30 16:31:55', NULL),
(32, '202506090005', 20500.00, 21000.00, 'Transfer', 2, '2025-06-30 16:31:55', NULL),
(33, '202506100001', 308000.00, 310000.00, 'Tunai', 2, '2025-06-30 16:31:55', NULL),
(34, '202506100002', 350000.00, 350000.00, 'Tunai', 2, '2025-06-30 16:31:55', NULL),
(35, '202506100003', 410000.00, 450000.00, 'Tunai', 2, '2025-06-30 16:31:55', NULL),
(36, '202506110001', 22500.00, 25000.00, 'Tunai', 2, '2025-06-30 16:31:55', NULL),
(37, '202506110002', 26000.00, 27000.00, 'Tunai', 2, '2025-06-30 16:31:55', NULL),
(38, '202506120001', 195000.00, 200000.00, 'Transfer', 2, '2025-06-30 16:31:55', NULL),
(39, '202506120002', 270000.00, 300000.00, 'Transfer', 2, '2025-06-30 16:31:55', NULL),
(40, '202506130001', 308000.00, 310000.00, 'Tunai', 2, '2025-06-30 16:31:55', NULL),
(41, '202506130002', 178560.00, 200000.00, 'Transfer', 2, '2025-06-30 16:31:55', NULL),
(42, '202506130003', 112000.00, 112000.00, 'Tunai', 2, '2025-06-30 16:31:55', NULL),
(43, '202506140001', 2682400.00, 2700000.00, 'Transfer', 2, '2025-06-30 16:31:55', NULL),
(44, '202506140002', 40000.00, 40000.00, 'Transfer', 2, '2025-06-30 16:31:55', NULL),
(45, '202506140003', 840000.00, 850000.00, 'Transfer', 2, '2025-06-30 16:31:55', NULL),
(46, '202506140004', 783000.00, 800000.00, 'Tunai', 2, '2025-06-30 16:31:55', NULL),
(47, '202506150001', 768000.00, 800000.00, 'Tunai', 2, '2025-06-30 16:31:55', NULL),
(48, '202506150002', 762000.00, 800000.00, 'Tunai', 2, '2025-06-30 16:31:55', NULL),
(49, '202506150003', 750000.00, 750000.00, 'Transfer', 2, '2025-06-30 16:31:55', NULL),
(50, '202506160001', 222950.00, 250000.00, 'Transfer', 2, '2025-06-30 16:31:55', NULL),
(51, '202506170001', 20500.00, 20500.00, 'Transfer', 2, '2025-06-30 16:31:55', NULL),
(52, '202506170002', 26000.00, 26000.00, 'Tunai', 2, '2025-06-30 16:31:55', NULL),
(53, '202506190001', 370000.00, 400000.00, 'Tunai', 2, '2025-06-30 16:31:55', NULL),
(54, '202506190002', 308000.00, 308000.00, 'Tunai', 2, '2025-06-30 16:31:55', NULL),
(55, '202506190003', 1170000.00, 1200000.00, 'Transfer', 2, '2025-06-30 16:31:55', NULL),
(56, '202506190004', 227500.00, 230000.00, 'Transfer', 2, '2025-06-30 16:31:55', NULL),
(57, '202506190005', 137760.00, 150000.00, 'Transfer', 2, '2025-06-30 16:31:55', NULL),
(58, '202506200001', 120960.00, 130000.00, 'Transfer', 2, '2025-06-30 16:31:55', NULL),
(59, '202506200002', 1424400.00, 1500000.00, 'Tunai', 2, '2025-06-30 16:31:55', NULL),
(60, '202506210001', 540000.00, 550000.00, 'Tunai', 2, '2025-06-30 16:31:55', NULL),
(61, '202506210002', 530000.00, 530000.00, 'Tunai', 2, '2025-06-30 16:31:55', NULL),
(62, '202506210003', 370000.00, 370000.00, 'Tunai', 2, '2025-06-30 16:31:55', NULL),
(63, '202506220001', 26500.00, 26500.00, 'Tunai', 2, '2025-06-30 16:31:55', NULL),
(64, '202506220002', 1403400.00, 1420000.00, 'Transfer', 2, '2025-06-30 16:31:55', NULL),
(65, '202506220003', 700000.00, 1400000.00, 'Transfer', 2, '2025-06-30 16:31:55', NULL),
(66, '202506240001', 780000.00, 800000.00, 'Transfer', 2, '2025-06-30 16:31:55', NULL),
(67, '202506240002', 180000.00, 180000.00, 'Tunai', 2, '2025-06-30 16:31:55', NULL),
(68, '202506250001', 32000.00, 32000.00, 'Tunai', 2, '2025-06-30 16:31:55', NULL),
(69, '202506250002', 308000.00, 310000.00, 'Transfer', 2, '2025-06-30 16:31:55', NULL),
(70, '202506290001', 165000.00, 165000.00, 'Tunai', 2, '2025-06-30 16:31:55', NULL),
(71, '202506290002', 30000.00, 30000.00, 'Transfer', 2, '2025-06-30 16:31:55', NULL),
(72, '202507010001', 165000.00, 165000.00, 'Tunai', 2, '2025-07-25 15:23:46', NULL),
(73, '202507010002', 190000.00, 200000.00, 'Tunai', 2, '2025-07-25 15:23:46', NULL),
(74, '202507020001', 380000.00, 380000.00, 'Tunai', 2, '2025-07-25 15:23:46', NULL),
(75, '202507030001', 1200000.00, 1200000.00, 'Tunai', 2, '2025-07-25 15:23:46', NULL),
(76, '202507030002', 53000.00, 53000.00, 'Tunai', 2, '2025-07-25 15:23:46', NULL),
(77, '202507030003', 300300.00, 300500.00, 'Tunai', 2, '2025-07-25 15:23:46', NULL),
(78, '202507040001', 164640.00, 170000.00, 'Transfer', 2, '2025-07-25 15:23:46', NULL),
(79, '202507040002', 980000.00, 1000000.00, 'Tunai', 2, '2025-07-25 15:23:46', NULL),
(80, '202507040003', 350000.00, 350000.00, 'Tunai', 2, '2025-07-25 15:23:46', NULL),
(81, '202507040004', 302000.00, 302000.00, 'Tunai', 2, '2025-07-25 15:23:46', NULL),
(82, '202507040005', 240000.00, 240000.00, 'Tunai', 2, '2025-07-25 15:23:46', NULL),
(83, '202507050001', 66000.00, 66000.00, 'Transfer', 2, '2025-07-25 15:23:46', NULL),
(84, '202507050002', 375000.00, 375000.00, 'Tunai', 2, '2025-07-25 15:23:46', NULL),
(85, '202507060001', 210000.00, 210000.00, 'Transfer', 2, '2025-07-25 15:23:46', NULL),
(86, '202507070001', 165000.00, 165000.00, 'Transfer', 2, '2025-07-25 15:23:46', NULL),
(87, '202507070002', 190000.00, 200000.00, 'Transfer', 2, '2025-07-25 15:23:46', NULL),
(88, '202507090001', 302000.00, 310000.00, 'Transfer', 2, '2025-07-25 15:23:46', NULL),
(89, '202507100001', 700000.00, 700000.00, 'Transfer', 2, '2025-07-25 15:23:46', NULL),
(90, '202507120001', 45000.00, 45000.00, 'Transfer', 2, '2025-07-25 15:23:46', NULL),
(91, '202507120002', 1596000.00, 1600000.00, 'Transfer', 2, '2025-07-25 15:23:46', NULL),
(92, '202507130001', 440000.00, 440000.00, 'Tunai', 2, '2025-07-25 15:23:46', NULL),
(93, '202507130002', 420000.00, 420000.00, 'Tunai', 2, '2025-07-25 15:23:46', NULL),
(94, '202507130003', 210000.00, 0.00, 'Tunai', 2, '2025-07-25 15:23:46', NULL),
(95, '202507150001', 750000.00, 750000.00, 'Tunai', 2, '2025-07-25 15:23:46', NULL),
(96, '202507150002', 780000.00, 800000.00, 'Tunai', 2, '2025-07-25 15:23:46', NULL),
(97, '202507150003', 350000.00, 350000.00, 'Tunai', 2, '2025-07-25 15:23:46', NULL),
(98, '202507160001', 190000.00, 200000.00, 'Tunai', 2, '2025-06-30 16:31:55', NULL),
(99, '202507170001', 490000.00, 500000.00, 'Tunai', 2, '2025-06-30 16:31:55', NULL),
(100, '202507170002', 25000.00, 25000.00, 'Tunai', 2, '2025-06-30 16:31:55', NULL),
(101, '202507190001', 302000.00, 302000.00, 'Tunai', 2, '2025-07-25 15:23:46', NULL),
(102, '202507190002', 180000.00, 180000.00, 'Tunai', 2, '2025-07-25 15:23:46', NULL),
(103, '202507190003', 100000.00, 100000.00, 'Tunai', 2, '2025-07-25 15:23:46', NULL),
(104, '202507200001', 480000.00, 480000.00, 'Tunai', 2, '2025-07-25 15:23:46', NULL),
(105, '202507210001', 380000.00, 380000.00, 'Tunai', 2, '2025-07-25 15:23:46', NULL),
(106, '202507210002', 700000.00, 700000.00, 'Tunai', 2, '2025-07-25 15:23:46', NULL),
(107, '202507220001', 2150400.00, 2160000.00, 'Tunai', 2, '2025-07-25 15:23:46', NULL),
(108, '202507220002', 29000.00, 30000.00, 'Tunai', 2, '2025-07-25 15:23:46', NULL),
(127, '202508020001', 250000.00, 250000.00, 'Tunai', 2, '2025-08-02 09:16:19', NULL),
(128, '202508020002', 30000.00, 30000.00, 'Tunai', 2, '2025-08-02 09:16:33', NULL),
(129, '202508030001', 270000.00, 270000.00, 'Tunai', 2, '2025-08-03 09:16:54', NULL),
(130, '202508030002', 100000.00, 100000.00, 'Tunai', 2, '2025-08-03 09:17:11', NULL),
(131, '202508030003', 100000.00, 100000.00, 'Tunai', 2, '2025-08-03 09:17:21', NULL),
(132, '202508030004', 30000.00, 30000.00, 'Tunai', 2, '2025-08-03 11:56:34', NULL),
(133, '202508030005', 1170000.00, 30000.00, 'Transfer', 2, '2025-08-03 11:58:59', 'uploads/transfer_bukti/1bccd0bbdb75d021fa4850f4b35'),
(134, '202508030006', 690000.00, 690000.00, 'Tunai', 2, '2025-08-03 12:05:58', NULL),
(135, '202508030007', 270000.00, 270000.00, 'Tunai', 2, '2025-08-03 12:06:55', NULL),
(136, '202508030008', 220000.00, 220000.00, 'Tunai', 2, '2025-08-03 12:15:39', NULL),
(137, '202508030009', 1612800.00, 1613000.00, 'Tunai', 2, '2025-08-03 12:21:01', NULL),
(138, '202508030010', 240000.00, 240000.00, 'Tunai', 2, '2025-08-03 12:21:37', NULL),
(139, '202508030011', 2332800.00, 2333000.00, 'Tunai', 2, '2025-08-03 12:23:04', NULL),
(140, '202508030012', 30000.00, 30000.00, 'Tunai', 2, '2025-08-03 12:23:21', NULL),
(141, '202508030013', 330000.00, 330000.00, 'Tunai', 2, '2025-08-03 12:23:58', NULL),
(142, '202508030014', 515000.00, 515000.00, 'Tunai', 2, '2025-08-03 12:29:12', NULL),
(143, '202508030014', 515000.00, 515000.00, 'Tunai', 2, '2025-08-03 12:29:12', NULL),
(144, '202508030015', 520000.00, 520000.00, 'Tunai', 2, '2025-08-03 12:29:41', NULL),
(145, '202508030016', 350000.00, 350000.00, 'Tunai', 2, '2025-08-03 12:29:57', NULL),
(146, '202508030017', 240000.00, 240000.00, 'Tunai', 2, '2025-08-03 12:30:26', NULL),
(147, '202508030018', 350000.00, 350000.00, 'Tunai', 2, '2025-08-03 12:30:43', NULL),
(148, '202508030019', 345000.00, 345000.00, 'Tunai', 2, '2025-08-03 12:31:10', NULL),
(149, '202508030020', 515000.00, 515000.00, 'Tunai', 2, '2025-08-03 12:31:35', NULL);

-- --------------------------------------------------------

--
-- Table structure for table `penjualan_produk`
--

CREATE TABLE `penjualan_produk` (
  `id_penjualan_produk` int(5) NOT NULL,
  `no_faktur` char(12) NOT NULL,
  `id_produk` char(5) NOT NULL,
  `qty` int(4) NOT NULL,
  `harga_satuan` decimal(10,2) NOT NULL,
  `harga_total` decimal(10,2) NOT NULL,
  `diskon` decimal(5,2) NOT NULL,
  `harga_total_setelah_diskon` decimal(10,2) NOT NULL,
  `created_at` timestamp NOT NULL DEFAULT current_timestamp() ON UPDATE current_timestamp()
) ENGINE=InnoDB DEFAULT CHARSET=utf8mb4 COLLATE=utf8mb4_general_ci;

--
-- Dumping data for table `penjualan_produk`
--

INSERT INTO `penjualan_produk` (`id_penjualan_produk`, `no_faktur`, `id_produk`, `qty`, `harga_satuan`, `harga_total`, `diskon`, `harga_total_setelah_diskon`, `created_at`) VALUES
(1, '202506010001', 'P-002', 1, 30000.00, 30000.00, 0.00, 30000.00, '2025-06-30 02:31:55'),
(2, '202506010001', 'P-005', 1, 165000.00, 165000.00, 0.00, 165000.00, '2025-06-30 02:31:55'),
(3, '202506010002', 'P-006', 1, 350000.00, 350000.00, 0.00, 350000.00, '2025-06-30 02:31:55'),
(4, '202506010003', 'P-009', 1, 240000.00, 240000.00, 0.00, 240000.00, '2025-06-30 02:31:55'),
(5, '202506010004', 'P-010', 1, 100000.00, 100000.00, 0.00, 100000.00, '2025-06-30 02:31:55'),
(6, '202506010004', 'P-008', 1, 270000.00, 270000.00, 0.00, 270000.00, '2025-06-30 02:31:55'),
(7, '202506020001', 'P-003', 1, 180000.00, 180000.00, 0.00, 180000.00, '2025-06-30 02:31:55'),
(8, '202506020002', 'P-010', 1, 100000.00, 100000.00, 0.00, 100000.00, '2025-06-30 02:31:55'),
(9, '202506020002', 'P-008', 1, 270000.00, 270000.00, 0.00, 270000.00, '2025-06-30 02:31:55'),
(10, '202506020003', 'P-007', 1, 280000.00, 280000.00, 0.00, 280000.00, '2025-06-30 02:31:55'),
(11, '202506020003', 'P-004', 1, 220000.00, 220000.00, 0.00, 220000.00, '2025-06-30 02:31:55'),
(12, '202506030001', 'P-015', 1, 21000.00, 21000.00, 0.00, 21000.00, '2025-06-30 02:31:55'),
(13, '202506030001', 'P-009', 3, 240000.00, 720000.00, 0.00, 720000.00, '2025-06-30 02:31:55'),
(14, '202506030002', 'P-003', 3, 180000.00, 540000.00, 0.00, 540000.00, '2025-06-30 02:31:55'),
(15, '202506030003', 'P-004', 2, 220000.00, 440000.00, 0.00, 440000.00, '2025-06-30 02:31:55'),
(16, '202506030004', 'P-010', 2, 100000.00, 200000.00, 0.00, 200000.00, '2025-06-30 02:31:55'),
(17, '202506030004', 'P-008', 2, 270000.00, 540000.00, 0.00, 540000.00, '2025-06-30 02:31:55'),
(18, '202506030005', 'P-002', 5, 30000.00, 150000.00, 0.04, 144000.00, '2025-06-30 02:31:55'),
(19, '202506030005', 'P-005', 3, 165000.00, 495000.00, 0.00, 495000.00, '2025-06-30 02:31:55'),
(20, '202506040001', 'P-010', 3, 100000.00, 300000.00, 0.00, 300000.00, '2025-06-30 02:31:55'),
(21, '202506040001', 'P-008', 1, 270000.00, 270000.00, 0.00, 270000.00, '2025-06-30 02:31:55'),
(22, '202506040002', 'P-031', 1, 375000.00, 375000.00, 0.00, 375000.00, '2025-06-30 02:31:55'),
(23, '202506050001', 'P-027', 1, 25000.00, 25000.00, 0.00, 25000.00, '2025-06-30 02:31:55'),
(24, '202506050002', 'P-033', 1, 410000.00, 410000.00, 0.00, 410000.00, '2025-06-30 09:31:55'),
(25, '202506050002', 'P-031', 1, 375000.00, 375000.00, 0.00, 375000.00, '2025-06-30 09:31:55'),
(26, '202506070001', 'P-020', 1, 28000.00, 28000.00, 0.00, 28000.00, '2025-06-30 09:31:55'),
(27, '202506070001', 'P-007', 1, 280000.00, 280000.00, 0.00, 280000.00, '2025-06-30 09:31:55'),
(28, '202506070002', 'P-031', 1, 375000.00, 375000.00, 0.00, 375000.00, '2025-06-30 09:31:55'),
(29, '202506070003', 'P-002', 10, 30000.00, 300000.00, 0.09, 273000.00, '2025-06-30 09:31:55'),
(30, '202506070003', 'P-005', 10, 165000.00, 1650000.00, 0.09, 1501500.00, '2025-06-30 09:31:55'),
(31, '202506070004', 'P-029', 6, 26500.00, 159000.00, 0.04, 152640.00, '2025-06-30 09:31:55'),
(32, '202506080001', 'P-010', 1, 100000.00, 100000.00, 0.00, 100000.00, '2025-06-30 09:31:55'),
(33, '202506080001', 'P-008', 2, 270000.00, 540000.00, 0.00, 540000.00, '2025-06-30 09:31:55'),
(34, '202506080002', 'P-007', 2, 280000.00, 560000.00, 0.00, 560000.00, '2025-06-30 09:31:55'),
(35, '202506080003', 'P-015', 2, 21000.00, 42000.00, 0.00, 42000.00, '2025-06-30 09:31:55'),
(36, '202506080003', 'P-009', 1, 240000.00, 240000.00, 0.00, 240000.00, '2025-06-30 09:31:55'),
(37, '202506080004', 'P-032', 1, 390000.00, 390000.00, 0.00, 390000.00, '2025-06-30 09:31:55'),
(38, '202506080005', 'P-029', 1, 26500.00, 26500.00, 0.00, 26500.00, '2025-06-30 09:31:55'),
(39, '202506080006', 'P-002', 1, 30000.00, 30000.00, 0.00, 30000.00, '2025-06-30 09:31:55'),
(40, '202506080006', 'P-005', 1, 165000.00, 165000.00, 0.00, 165000.00, '2025-06-30 09:31:55'),
(41, '202506080007', 'P-027', 1, 25000.00, 25000.00, 0.00, 25000.00, '2025-06-30 09:31:55'),
(42, '202506090001', 'P-020', 1, 28000.00, 28000.00, 0.00, 28000.00, '2025-06-30 09:31:55'),
(43, '202506090001', 'P-007', 2, 280000.00, 560000.00, 0.00, 560000.00, '2025-06-30 09:31:55'),
(44, '202506090002', 'P-011', 2, 180000.00, 360000.00, 0.00, 360000.00, '2025-06-30 09:31:55'),
(45, '202506090003', 'P-015', 2, 21000.00, 42000.00, 0.00, 42000.00, '2025-06-30 09:31:55'),
(46, '202506090003', 'P-009', 2, 240000.00, 480000.00, 0.00, 480000.00, '2025-06-30 09:31:55'),
(47, '202506090004', 'P-032', 1, 390000.00, 390000.00, 0.00, 390000.00, '2025-06-30 09:31:55'),
(48, '202506090005', 'P-022', 1, 20500.00, 20500.00, 0.00, 20500.00, '2025-06-30 09:31:55'),
(49, '202506100001', 'P-020', 1, 28000.00, 28000.00, 0.00, 28000.00, '2025-06-30 09:31:55'),
(50, '202506100001', 'P-007', 1, 280000.00, 280000.00, 0.00, 280000.00, '2025-06-30 09:31:55'),
(51, '202506100002', 'P-006', 1, 350000.00, 350000.00, 0.00, 350000.00, '2025-06-30 09:31:55'),
(52, '202506100003', 'P-033', 1, 410000.00, 410000.00, 0.00, 410000.00, '2025-06-30 09:31:55'),
(53, '202506110001', 'P-023', 1, 22500.00, 22500.00, 0.00, 22500.00, '2025-06-30 09:31:55'),
(54, '202506110002', 'P-019', 1, 26000.00, 26000.00, 0.00, 26000.00, '2025-06-30 09:31:55'),
(55, '202506120001', 'P-002', 1, 30000.00, 30000.00, 0.00, 30000.00, '2025-06-30 09:31:55'),
(56, '202506120001', 'P-005', 1, 165000.00, 165000.00, 0.00, 165000.00, '2025-06-30 09:31:55'),
(57, '202506120002', 'P-008', 1, 270000.00, 270000.00, 0.00, 270000.00, '2025-06-30 09:31:55'),
(58, '202506130001', 'P-020', 1, 28000.00, 28000.00, 0.00, 28000.00, '2025-06-30 09:31:55'),
(59, '202506130001', 'P-007', 1, 280000.00, 280000.00, 0.00, 280000.00, '2025-06-30 09:31:55'),
(60, '202506130002', 'P-026', 6, 31000.00, 186000.00, 0.04, 178560.00, '2025-06-30 09:31:55'),
(61, '202506130003', 'P-020', 4, 28000.00, 112000.00, 0.00, 112000.00, '2025-06-30 09:31:55'),
(62, '202506140001', 'P-007', 10, 280000.00, 2800000.00, 0.09, 2548000.00, '2025-06-30 09:31:55'),
(63, '202506140001', 'P-020', 5, 28000.00, 140000.00, 0.04, 134400.00, '2025-06-30 09:31:55'),
(64, '202506140002', 'P-014', 2, 20000.00, 40000.00, 0.00, 40000.00, '2025-06-30 09:31:55'),
(65, '202506140003', 'P-008', 2, 270000.00, 540000.00, 0.00, 540000.00, '2025-06-30 09:31:55'),
(66, '202506140003', 'P-010', 3, 100000.00, 300000.00, 0.00, 300000.00, '2025-06-30 09:31:55'),
(67, '202506140004', 'P-009', 3, 240000.00, 720000.00, 0.00, 720000.00, '2025-06-30 09:31:55'),
(68, '202506140004', 'P-015', 3, 21000.00, 63000.00, 0.00, 63000.00, '2025-06-30 09:31:55'),
(69, '202506150001', 'P-010', 8, 100000.00, 800000.00, 0.04, 768000.00, '2025-06-30 09:31:55'),
(70, '202506150002', 'P-015', 2, 21000.00, 42000.00, 0.00, 63000.00, '2025-06-30 09:31:55'),
(71, '202506150002', 'P-009', 3, 240000.00, 720000.00, 0.00, 720000.00, '2025-06-30 09:31:55'),
(72, '202506150003', 'P-031', 2, 375000.00, 750000.00, 0.00, 750000.00, '2025-06-30 09:31:55'),
(73, '202506160001', 'P-028', 10, 24500.00, 245000.00, 0.09, 222950.00, '2025-06-30 09:31:55'),
(74, '202506170001', 'P-022', 1, 20500.00, 20500.00, 0.00, 20500.00, '2025-06-30 09:31:55'),
(75, '202506170002', 'P-019', 1, 26000.00, 26000.00, 0.00, 26000.00, '2025-06-30 09:31:55'),
(76, '202506190001', 'P-010', 1, 100000.00, 100000.00, 0.00, 100000.00, '2025-06-30 09:31:55'),
(77, '202506190001', 'P-008', 1, 270000.00, 270000.00, 0.00, 270000.00, '2025-06-30 09:31:55'),
(78, '202506190002', 'P-020', 1, 28000.00, 28000.00, 0.00, 28000.00, '2025-06-30 09:31:55'),
(79, '202506190002', 'P-007', 1, 280000.00, 280000.00, 0.00, 280000.00, '2025-06-30 09:31:55'),
(80, '202506190003', 'P-032', 3, 390000.00, 1170000.00, 0.00, 1170000.00, '2025-06-30 09:31:55'),
(81, '202506190004', 'P-027', 10, 25000.00, 250000.00, 0.09, 227500.00, '2025-06-30 09:31:55'),
(82, '202506190005', 'P-022', 7, 20500.00, 143500.00, 0.04, 137760.00, '2025-06-30 09:31:55'),
(83, '202506200001', 'P-015', 6, 21000.00, 126000.00, 0.04, 120960.00, '2025-06-30 09:31:55'),
(84, '202506200002', 'P-009', 6, 240000.00, 1440000.00, 0.04, 1382400.00, '2025-06-30 09:31:55'),
(85, '202506200002', 'P-015', 2, 21000.00, 42000.00, 0.00, 42000.00, '2025-06-30 09:31:55'),
(86, '202506210001', 'P-008', 2, 270000.00, 540000.00, 0.00, 540000.00, '2025-06-30 09:31:55'),
(87, '202506210002', 'P-001', 2, 250000.00, 500000.00, 0.00, 500000.00, '2025-06-30 09:31:55'),
(88, '202506210002', 'P-002', 1, 30000.00, 30000.00, 0.00, 30000.00, '2025-06-30 09:31:55'),
(89, '202506210003', 'P-010', 1, 100000.00, 100000.00, 0.00, 100000.00, '2025-06-30 09:31:55'),
(90, '202506210003', 'P-008', 1, 270000.00, 270000.00, 0.00, 270000.00, '2025-06-30 09:31:55'),
(91, '202506220001', 'P-029', 1, 26500.00, 26500.00, 0.00, 26500.00, '2025-06-30 09:31:55'),
(92, '202506220002', 'P-015', 1, 21000.00, 21000.00, 0.00, 21000.00, '2025-06-30 09:31:55'),
(93, '202506220002', 'P-009', 6, 240000.00, 1440000.00, 0.04, 1382400.00, '2025-06-30 09:31:55'),
(94, '202506220003', 'P-006', 2, 350000.00, 700000.00, 0.00, 1400000.00, '2025-06-30 09:31:55'),
(95, '202506240001', 'P-002', 4, 30000.00, 120000.00, 0.00, 120000.00, '2025-06-30 09:31:55'),
(96, '202506240001', 'P-005', 4, 165000.00, 660000.00, 0.00, 660000.00, '2025-06-30 09:31:55'),
(97, '202506240002', 'P-011', 1, 180000.00, 180000.00, 0.00, 180000.00, '2025-06-30 09:31:55'),
(98, '202506250001', 'P-024', 1, 32000.00, 32000.00, 0.00, 32000.00, '2025-06-30 09:31:55'),
(99, '202506250002', 'P-020', 1, 28000.00, 28000.00, 0.00, 28000.00, '2025-06-30 09:31:55'),
(100, '202506250002', 'P-007', 1, 280000.00, 280000.00, 0.00, 280000.00, '2025-06-30 09:31:55'),
(101, '202506290001', 'P-005', 1, 165000.00, 165000.00, 0.00, 165000.00, '2025-06-30 02:31:55'),
(102, '202506290002', 'P-002', 1, 30000.00, 30000.00, 0.00, 30000.00, '2025-06-30 02:31:55'),
(103, '202507010001', 'P-005', 1, 165000.00, 165000.00, 0.00, 165000.00, '2025-07-25 01:23:46'),
(104, '202507010002', 'P-012', 1, 25000.00, 25000.00, 0.00, 25000.00, '2025-07-25 01:23:46'),
(105, '202507010002', 'P-005', 1, 165000.00, 165000.00, 0.00, 165000.00, '2025-07-25 01:23:46'),
(106, '202507020001', 'P-007', 1, 280000.00, 280000.00, 0.00, 280000.00, '2025-07-25 01:23:46'),
(107, '202507020001', 'P-010', 1, 100000.00, 100000.00, 0.00, 100000.00, '2025-07-25 01:23:46'),
(108, '202507030001', 'P-003', 4, 180000.00, 720000.00, 0.00, 720000.00, '2025-07-25 01:23:46'),
(109, '202507030001', 'P-009', 2, 240000.00, 480000.00, 0.00, 480000.00, '2025-07-25 01:23:46'),
(110, '202507030002', 'P-029', 2, 26500.00, 53000.00, 0.00, 53000.00, '2025-07-25 01:23:46'),
(111, '202507030003', 'P-025', 10, 33000.00, 330000.00, 0.09, 300300.00, '2025-07-25 01:23:46'),
(112, '202507040001', 'P-028', 7, 24500.00, 171500.00, 0.04, 164640.00, '2025-07-25 01:23:46'),
(113, '202507040002', 'P-004', 2, 220000.00, 440000.00, 0.00, 440000.00, '2025-07-25 01:23:46'),
(114, '202507040002', 'P-008', 2, 270000.00, 540000.00, 0.00, 540000.00, '2025-07-25 01:23:46'),
(115, '202507040003', 'P-006', 1, 350000.00, 350000.00, 0.00, 350000.00, '2025-07-25 01:23:46'),
(116, '202507040004', 'P-016', 1, 22000.00, 22000.00, 0.00, 22000.00, '2025-07-25 01:23:46'),
(117, '202507040004', 'P-007', 1, 280000.00, 280000.00, 0.00, 280000.00, '2025-07-25 01:23:46'),
(118, '202507040005', 'P-009', 1, 240000.00, 240000.00, 0.00, 240000.00, '2025-07-25 01:23:46'),
(119, '202507050001', 'P-025', 2, 33000.00, 66000.00, 0.00, 66000.00, '2025-07-25 01:23:46'),
(120, '202507050002', 'P-031', 1, 375000.00, 375000.00, 0.00, 375000.00, '2025-07-25 01:23:46'),
(121, '202507060001', 'P-002', 1, 30000.00, 30000.00, 0.00, 30000.00, '2025-07-25 01:23:46'),
(122, '202507060001', 'P-011', 1, 180000.00, 180000.00, 0.00, 180000.00, '2025-07-25 01:23:46'),
(123, '202507070001', 'P-005', 1, 165000.00, 165000.00, 0.00, 165000.00, '2025-07-25 01:23:46'),
(124, '202507070002', 'P-012', 1, 25000.00, 25000.00, 0.00, 25000.00, '2025-07-25 01:23:46'),
(125, '202507070002', 'P-005', 1, 165000.00, 165000.00, 0.00, 165000.00, '2025-07-25 01:23:46'),
(126, '202507090001', 'P-007', 1, 280000.00, 280000.00, 0.00, 280000.00, '2025-07-25 01:23:46'),
(127, '202507090001', 'P-016', 1, 22000.00, 22000.00, 0.00, 22000.00, '2025-07-25 01:23:46'),
(128, '202507100001', 'P-030', 2, 350000.00, 700000.00, 0.00, 700000.00, '2025-07-25 01:23:46'),
(129, '202507110001', 'P-023', 2, 22500.00, 45000.00, 0.00, 45000.00, '2025-07-25 01:23:46'),
(130, '202507110002', 'P-004', 5, 220000.00, 1100000.00, 0.04, 1056000.00, '2025-07-25 01:23:46'),
(131, '202507120001', 'P-008', 2, 270000.00, 540000.00, 0.00, 540000.00, '2025-07-25 01:23:46'),
(132, '202507120002', 'P-004', 2, 220000.00, 440000.00, 0.00, 440000.00, '2025-07-25 01:23:46'),
(133, '202507120003', 'P-003', 1, 180000.00, 180000.00, 0.00, 180000.00, '2025-07-25 01:23:46'),
(134, '202507120003', 'P-009', 1, 240000.00, 240000.00, 0.00, 240000.00, '2025-07-25 01:23:46'),
(135, '202507120004', 'P-002', 1, 30000.00, 30000.00, 0.00, 30000.00, '2025-07-25 01:23:46'),
(136, '202507120004', 'P-011', 1, 180000.00, 180000.00, 0.00, 180000.00, '2025-07-25 01:23:46'),
(137, '202507150001', 'P-001', 3, 250000.00, 750000.00, 0.00, 750000.00, '2025-07-25 01:23:46'),
(138, '202507150002', 'P-032', 2, 390000.00, 780000.00, 0.00, 780000.00, '2025-07-25 01:23:46'),
(139, '202507150003', 'P-030', 1, 350000.00, 350000.00, 0.00, 350000.00, '2025-07-25 01:23:46'),
(140, '202507160001', 'P-005', 1, 165000.00, 165000.00, 0.00, 165000.00, '2025-07-25 01:23:46'),
(141, '202507160001', 'P-012', 1, 25000.00, 25000.00, 0.00, 25000.00, '2025-07-25 01:23:46'),
(142, '202507170001', 'P-004', 1, 220000.00, 220000.00, 0.00, 220000.00, '2025-07-25 01:23:46'),
(143, '202507170001', 'P-008', 1, 270000.00, 270000.00, 0.00, 270000.00, '2025-07-25 01:23:46'),
(144, '202507170002', 'P-027', 1, 25000.00, 25000.00, 0.00, 25000.00, '2025-07-25 01:23:46'),
(145, '202507190001', 'P-016', 1, 22000.00, 22000.00, 0.00, 22000.00, '2025-07-25 01:23:46'),
(146, '202507190001', 'P-007', 1, 280000.00, 280000.00, 0.00, 280000.00, '2025-07-25 01:23:46'),
(147, '202507190002', 'P-003', 1, 180000.00, 180000.00, 0.00, 180000.00, '2025-07-25 01:23:46'),
(148, '202507190003', 'P-010', 1, 100000.00, 100000.00, 0.00, 100000.00, '2025-07-25 01:23:46'),
(149, '202507190004', 'P-008', 1, 270000.00, 270000.00, 0.00, 270000.00, '2025-07-25 01:23:46'),
(150, '202507200001', 'P-009', 2, 240000.00, 480000.00, 0.00, 480000.00, '2025-07-25 01:23:46'),
(152, '202507210001', 'P-012', 2, 25000.00, 50000.00, 0.00, 50000.00, '2025-07-25 01:23:46'),
(153, '202507210001', 'P-005', 2, 165000.00, 330000.00, 0.00, 330000.00, '2025-07-25 01:23:46'),
(154, '202507210002', 'P-030', 2, 350000.00, 700000.00, 0.00, 700000.00, '2025-07-25 01:23:46'),
(155, '202507220001', 'P-007', 8, 280000.00, 2240000.00, 0.04, 2150400.00, '2025-07-25 01:23:46'),
(156, '202507220002', 'P-021', 1, 29000.00, 29000.00, 0.00, 29000.00, '2025-07-25 01:23:46'),
(178, '202508020001', 'P-001', 1, 250000.00, 250000.00, 0.00, 250000.00, '2025-08-02 02:19:08'),
(179, '202508020002', 'P-002', 1, 30000.00, 30000.00, 0.00, 30000.00, '2025-08-02 02:19:08'),
(180, '202508030001', 'P-008', 1, 270000.00, 270000.00, 0.00, 270000.00, '2025-08-03 09:51:12'),
(181, '202508030002', 'P-010', 1, 100000.00, 100000.00, 0.00, 100000.00, '2025-08-03 09:51:12'),
(182, '202508030003', 'P-005', 1, 165000.00, 165000.00, 0.00, 165000.00, '2025-08-03 09:51:12'),
(183, '202508030004', 'P-002', 1, 30000.00, 30000.00, 0.00, 30000.00, '2025-08-03 11:56:34'),
(184, '202508030005', 'P-002', 3, 30000.00, 90000.00, 0.00, 90000.00, '2025-08-03 11:59:00'),
(185, '202508030005', 'P-008', 4, 270000.00, 1080000.00, 0.00, 1080000.00, '2025-08-03 11:59:00'),
(186, '202508030006', 'P-005', 2, 165000.00, 330000.00, 0.00, 330000.00, '2025-08-03 12:05:58'),
(187, '202508030006', 'P-011', 2, 180000.00, 360000.00, 0.00, 360000.00, '2025-08-03 12:05:58'),
(188, '202508030007', 'P-008', 1, 270000.00, 270000.00, 0.00, 270000.00, '2025-08-03 12:06:55'),
(189, '202508030008', 'P-004', 1, 220000.00, 220000.00, 0.00, 220000.00, '2025-08-03 12:15:40'),
(190, '202508030009', 'P-007', 6, 280000.00, 1680000.00, 0.04, 1612800.00, '2025-08-03 12:21:01'),
(191, '202508030010', 'P-004', 1, 220000.00, 220000.00, 0.00, 220000.00, '2025-08-03 12:21:37'),
(192, '202508030010', 'P-014', 1, 20000.00, 20000.00, 0.00, 20000.00, '2025-08-03 12:21:37'),
(193, '202508030011', 'P-007', 6, 280000.00, 1680000.00, 0.04, 1612800.00, '2025-08-03 12:23:04'),
(194, '202508030011', 'P-009', 3, 240000.00, 720000.00, 0.00, 720000.00, '2025-08-03 12:23:04'),
(195, '202508030012', 'P-002', 1, 30000.00, 30000.00, 0.00, 30000.00, '2025-08-03 12:23:21'),
(196, '202508030013', 'P-005', 2, 165000.00, 330000.00, 0.00, 330000.00, '2025-08-03 12:23:58'),
(197, '202508030014', 'P-006', 1, 350000.00, 350000.00, 0.00, 350000.00, '2025-08-03 12:29:12'),
(198, '202508030014', 'P-005', 1, 165000.00, 165000.00, 0.00, 165000.00, '2025-08-03 12:29:12'),
(199, '202508030014', 'P-006', 1, 350000.00, 350000.00, 0.00, 350000.00, '2025-08-03 12:29:12'),
(200, '202508030014', 'P-005', 1, 165000.00, 165000.00, 0.00, 165000.00, '2025-08-03 12:29:12'),
(201, '202508030015', 'P-007', 1, 280000.00, 280000.00, 0.00, 280000.00, '2025-08-03 12:29:41'),
(202, '202508030015', 'P-009', 1, 240000.00, 240000.00, 0.00, 240000.00, '2025-08-03 12:29:41'),
(203, '202508030016', 'P-030', 1, 350000.00, 350000.00, 0.00, 350000.00, '2025-08-03 12:29:58'),
(204, '202508030017', 'P-004', 1, 220000.00, 220000.00, 0.00, 220000.00, '2025-08-03 12:30:26'),
(205, '202508030017', 'P-014', 1, 20000.00, 20000.00, 0.00, 20000.00, '2025-08-03 12:30:26'),
(206, '202508030018', 'P-006', 1, 350000.00, 350000.00, 0.00, 350000.00, '2025-08-03 12:30:43'),
(207, '202508030019', 'P-005', 1, 165000.00, 165000.00, 0.00, 165000.00, '2025-08-03 12:31:10'),
(208, '202508030019', 'P-011', 1, 180000.00, 180000.00, 0.00, 180000.00, '2025-08-03 12:31:10'),
(209, '202508030020', 'P-006', 1, 350000.00, 350000.00, 0.00, 350000.00, '2025-08-03 12:31:35'),
(210, '202508030020', 'P-005', 1, 165000.00, 165000.00, 0.00, 165000.00, '2025-08-03 12:31:35');

-- --------------------------------------------------------

--
-- Table structure for table `produk`
--

CREATE TABLE `produk` (
  `id_produk` char(5) NOT NULL,
  `nama_produk` varchar(50) NOT NULL,
  `harga_satuan` decimal(10,2) NOT NULL,
  `warna` varchar(20) NOT NULL,
  `ukuran` varchar(4) NOT NULL,
  `id_kategori` char(4) NOT NULL,
  `id_supplier` int(4) NOT NULL,
  `created_at` datetime NOT NULL,
  `updated_at` datetime NOT NULL
) ENGINE=InnoDB DEFAULT CHARSET=utf8mb4 COLLATE=utf8mb4_general_ci;

--
-- Dumping data for table `produk`
--

INSERT INTO `produk` (`id_produk`, `nama_produk`, `harga_satuan`, `warna`, `ukuran`, `id_kategori`, `id_supplier`, `created_at`, `updated_at`) VALUES
('P-001', 'Kemeja Batik Pria Biru (L)', 250000.00, 'Biru Tua', 'L', 'K-01', 1, '2025-02-12 22:24:20', '2025-08-03 17:02:03'),
('P-002', 'Tunik Batik Wanita Merah (All)', 30000.00, 'Merah', 'All', 'K-03', 1, '2025-02-12 22:25:09', '2025-02-12 22:25:33'),
('P-003', 'Dress Batik Anak Ungu (M)', 180000.00, 'Ungu', 'M', 'K-08', 10, '2025-02-12 22:26:22', '2025-02-12 22:26:22'),
('P-004', 'Kemeja Batik Lengan Pendek Ungu(M)', 220000.00, 'Ungu', 'M', 'K-01', 8, '2025-02-12 22:27:11', '2025-02-12 22:27:11'),
('P-005', 'Tunik Batik Anak Pink(S)', 165000.00, 'Pink', 'S', 'K-03', 10, '2025-02-12 22:27:53', '2025-07-21 12:04:15'),
('P-006', 'Kemeja Batik Formal Wanita Biru(L)', 350000.00, 'Biru', 'L', 'K-02', 8, '2025-02-12 22:28:41', '2025-02-12 22:28:41'),
('P-007', 'Dress Batik Dewasa Hijau (S)', 280000.00, 'Hijau', 'L', 'K-04', 6, '2025-02-12 22:29:45', '2025-02-12 22:29:45'),
('P-008', 'Kemeja Batik  kawung Wanita Cokelat (L)', 270000.00, 'Cokelat tua', 'L', 'K-02', 2, '2025-02-12 22:31:03', '2025-02-12 22:31:03'),
('P-009', 'Tunik Batik Kombinasi Cyan (M)', 240000.00, 'Cyan', 'M', 'K-03', 7, '2025-02-12 22:32:13', '2025-02-12 22:32:13'),
('P-010', 'Kemeja Batik Anak Biru laut(S)', 100000.00, 'Biru Laut', 'S', 'K-05', 3, '2025-02-12 22:33:07', '2025-02-12 22:33:07'),
('P-011', 'Tunik Batik Kawung Coklat (L)', 180000.00, 'Coklat', 'L', 'K-03', 3, '2025-02-12 22:33:09', '2025-02-13 12:16:30'),
('P-012', 'Kemeja Batik Pria Biru ', 25000.00, 'Biru', 'M', 'K-01', 2, '2025-02-12 22:33:10', '2025-02-12 22:33:10'),
('P-013', 'Kemeja Batik Pria Merah ', 25000.00, 'Merah', 'M', 'K-01', 1, '2025-02-12 22:33:12', '2025-02-12 22:33:12'),
('P-014', 'Kemeja Batik Anak Laki-laki Biru', 20000.00, 'Biru', 'S', 'K-05', 1, '2025-02-12 22:35:10', '2025-02-12 22:35:10'),
('P-015', 'Kemeja Batik Anak Laki-laki Hijau', 21000.00, 'Hijau', 'M', 'K-05', 2, '2025-02-12 22:35:10', '2025-02-12 22:35:10'),
('P-016', 'Kemeja Batik Anak Perempuan Pink', 22000.00, 'Pink', 'S', 'K-06', 1, '2025-02-12 22:35:10', '2025-02-12 22:35:10'),
('P-017', 'Kemeja Batik Anak Perempuan Ungu', 23000.00, 'Ungu', 'M', 'K-06', 3, '2025-02-12 22:35:10', '2025-02-12 22:35:10'),
('P-018', 'Kemeja Batik Pria Lengan Pendek Hitam', 27000.00, 'Hitam', 'L', 'K-01', 2, '2025-02-12 22:35:10', '2025-02-12 22:35:10'),
('P-019', 'Kemeja Batik Pria Lengan Pendek Cokelat', 26000.00, 'Cokelat', 'M', 'K-01', 1, '2025-02-12 22:35:10', '2025-02-12 22:35:10'),
('P-020', 'Kemeja Batik Wanita Merah Maroon', 28000.00, 'Merah Maroon', 'M', 'K-02', 2, '2025-02-12 22:35:10', '2025-02-12 22:35:10'),
('P-021', 'Kemeja Batik Wanita Biru Laut', 29000.00, 'Biru Laut', 'L', 'K-02', 3, '2025-02-12 22:35:10', '2025-02-12 22:35:10'),
('P-022', 'Kemeja Batik Anak Laki-laki Kuning', 20500.00, 'Kuning', 'L', 'K-05', 1, '2025-02-12 22:35:10', '2025-02-12 22:35:10'),
('P-023', 'Kemeja Batik Anak Perempuan Merah Muda', 22500.00, 'Merah Muda', 'S', 'K-06', 2, '2025-02-12 22:35:10', '2025-02-12 22:35:10'),
('P-024', 'Kemeja Batik Pria Lengan Panjang Hitam Etnik', 32000.00, 'Hitam', 'L', 'K-11', 4, '2025-02-12 22:35:10', '2025-02-12 22:35:10'),
('P-025', 'Kemeja Batik Pria Lengan Panjang Merah Marun', 33000.00, 'Merah Marun', 'M', 'K-11', 2, '2025-02-12 22:35:10', '2025-02-12 22:35:10'),
('P-026', 'Kemeja Batik Pria Lengan Panjang Cokelat', 31000.00, 'Cokelat', 'XL', 'K-11', 4, '2025-02-12 22:35:10', '2025-02-12 22:35:10'),
('P-027', 'Dress Batik Anak Perempuan Motif Bunga', 25000.00, 'Pink', 'S', 'K-08', 5, '2025-02-12 22:35:10', '2025-02-12 22:35:10'),
('P-028', 'Dress Batik Anak Perempuan Kupu-kupu', 24500.00, 'Ungu', 'M', 'K-08', 2, '2025-02-12 22:35:10', '2025-02-12 22:35:10'),
('P-029', 'Dress Batik Anak Perempuan Kombinasi Brokat', 26500.00, 'Merah Muda', 'S', 'K-08', 3, '2025-02-12 22:35:10', '2025-02-12 22:35:10'),
('P-030', 'Pakaian Batik Keluarga Motif Parang Emas', 350000.00, 'Emas', 'All ', 'K-10', 9, '2025-02-12 22:35:10', '2025-02-12 22:35:10'),
('P-031', 'Pakaian Batik Keluarga Motif Mega Mendung', 375000.00, 'Biru', 'All ', 'K-10', 9, '2025-02-12 22:35:10', '2025-02-12 22:35:10'),
('P-032', 'Pakaian Batik Keluarga Kombinasi Katun Premium', 390000.00, 'Cokelat', 'All ', 'K-10', 5, '2025-02-12 22:35:10', '2025-02-12 22:35:10'),
('P-033', 'Pakaian Batik Keluarga Motif Truntum Elegan', 410000.00, 'Hitam', 'All ', 'K-10', 5, '2025-02-12 22:35:10', '2025-02-12 22:35:10'),
('P-034', 'Kemeja Pria lengan pendek Batik', 25000.00, 'Ungu', 'L', 'K-01', 10, '2025-08-03 17:10:39', '2025-08-03 17:10:39');

-- --------------------------------------------------------

--
-- Table structure for table `retur`
--

CREATE TABLE `retur` (
  `id_retur` int(3) NOT NULL,
  `no_faktur` char(12) NOT NULL,
  `id_produk` char(5) NOT NULL,
  `qty_retur` int(4) NOT NULL,
  `harga_satuan` decimal(10,2) NOT NULL,
  `total_retur` decimal(10,2) NOT NULL,
  `alasan_retur` text NOT NULL,
  `created_at` datetime NOT NULL,
  `updated_at` timestamp NOT NULL DEFAULT current_timestamp() ON UPDATE current_timestamp(),
  `foto` varchar(255) DEFAULT NULL,
  `no_hp` varchar(14) NOT NULL,
  `id_user` int(1) NOT NULL,
  `pilihan` enum('Ganti produk','Ganti uang') NOT NULL
) ENGINE=InnoDB DEFAULT CHARSET=utf8mb4 COLLATE=utf8mb4_general_ci;

--
-- Dumping data for table `retur`
--

INSERT INTO `retur` (`id_retur`, `no_faktur`, `id_produk`, `qty_retur`, `harga_satuan`, `total_retur`, `alasan_retur`, `created_at`, `updated_at`, `foto`, `no_hp`, `id_user`, `pilihan`) VALUES
(1, '202506010002', 'P-006', 1, 350000.00, 350000.00, 'Kebesaran, dan ada lubang kecil', '2025-06-30 16:31:55', '2025-06-30 09:31:55', 'uploads/1754195783_edbd800f7fe30c53e816.jpeg', '', 2, 'Ganti produk'),
(2, '202506020003', 'P-004', 1, 220000.00, 220000.00, 'Kancing hilang satu', '2025-06-30 16:31:55', '2025-06-30 09:31:55', 'uploads/1754202357_e03096feff1cb002cb5d.jpg', '', 2, 'Ganti produk'),
(3, '202506070004', 'P-029', 2, 26500.00, 53000.00, 'ada lubang kecil', '2025-06-30 16:31:55', '2025-06-30 09:31:55', 'uploads/1754202569_01247a6d306cde9d5277.jpg', '', 2, 'Ganti produk'),
(4, '202506120001', 'P-002', 1, 30000.00, 30000.00, 'Salah ukuran', '2025-06-30 16:31:55', '2025-06-30 09:31:55', 'uploads/1754202696_aeda451b66135993f0de.jpg', '', 2, 'Ganti produk'),
(5, '202506250001', 'P-024', 1, 32000.00, 32000.00, 'Kancing hilang satu', '2025-06-30 16:31:55', '2025-06-30 09:31:55', 'uploads/1754203689_a1eaa8cfbe96e08465f7.jpg', '', 2, 'Ganti produk'),
(8, '202506150002', 'P-015', 1, 21000.00, 21000.00, 'Noda di lengan', '2025-07-25 15:23:46', '2025-07-25 08:23:46', 'uploads/1754207386_a9d35451deb63b9deae5.jpg', '', 2, 'Ganti uang'),
(9, '202508030010', 'P-029', 1, 26500.00, 26500.00, 'Ada sobek', '2025-07-25 15:23:46', '2025-07-25 08:23:46', 'uploads/1754207453_8fb3a8ff273fe89e8bb1.jpg', '', 2, 'Ganti produk'),
(10, '202508030026', 'P-004', 1, 220000.00, 220000.00, 'Salah produk', '2025-07-25 15:23:46', '2025-07-25 08:23:46', 'uploads/1754207506_be7229f05432b6e35cd9.jpg', '', 2, 'Ganti produk'),
(11, '202508020001', 'P-001', 1, 250000.00, 250000.00, 'Kancing hilang satu', '2025-08-03 17:12:53', '2025-08-03 10:12:53', 'uploads/1754215973_8a74ac6fcd444d479881.jpg', '', 2, 'Ganti produk'),
(12, '202508030003', 'P-005', 1, 165000.00, 165000.00, 'Ukuran salah, Resleting macet', '2025-08-03 19:04:34', '2025-08-03 12:04:34', 'uploads/1754222674_03845a840fd4de0593e2.jpg', '', 2, 'Ganti produk');

-- --------------------------------------------------------

--
-- Table structure for table `stok`
--

CREATE TABLE `stok` (
  `id_stok` int(4) NOT NULL,
  `id_produk` char(5) NOT NULL,
  `stok_terkini` int(4) NOT NULL
) ENGINE=InnoDB DEFAULT CHARSET=utf8mb4 COLLATE=utf8mb4_general_ci;

--
-- Dumping data for table `stok`
--

INSERT INTO `stok` (`id_stok`, `id_produk`, `stok_terkini`) VALUES
(1, 'P-001', 92),
(2, 'P-002', 10),
(3, 'P-003', 22),
(4, 'P-004', 31),
(5, 'P-005', 25),
(6, 'P-006', 19),
(7, 'P-007', 32),
(8, 'P-008', 0),
(9, 'P-009', 24),
(10, 'P-010', 8),
(11, 'P-011', 73),
(12, 'P-012', 39),
(13, 'P-013', 73),
(14, 'P-014', 54),
(15, 'P-015', 29),
(16, 'P-016', 65),
(17, 'P-017', 41),
(18, 'P-018', 63),
(19, 'P-019', 31),
(20, 'P-020', 62),
(21, 'P-021', 54),
(22, 'P-022', 30),
(23, 'P-023', 87),
(24, 'P-024', 61),
(25, 'P-025', 36),
(26, 'P-026', 61),
(27, 'P-027', 4),
(28, 'P-028', 2),
(29, 'P-029', 1),
(30, 'P-030', 10),
(31, 'P-031', 6),
(32, 'P-032', 0),
(33, 'P-033', 7),
(34, 'P-020', 20),
(35, 'P-034', 20);

-- --------------------------------------------------------

--
-- Table structure for table `stok_history`
--

CREATE TABLE `stok_history` (
  `id_stok_history` int(11) NOT NULL,
  `id_produk` char(5) NOT NULL,
  `perubahan_stok` int(4) NOT NULL,
  `qty_setelah_ubah` int(4) NOT NULL,
  `tanggal_transaksi` datetime NOT NULL,
  `tipe_transaksi` enum('Restok','Penjualan') NOT NULL,
  `id_supplier` int(4) NOT NULL,
  `id_user` int(1) NOT NULL,
  `created_at` timestamp NOT NULL DEFAULT current_timestamp(),
  `updated_at` timestamp NOT NULL DEFAULT current_timestamp() ON UPDATE current_timestamp()
) ENGINE=InnoDB DEFAULT CHARSET=utf8mb4 COLLATE=utf8mb4_general_ci;

--
-- Dumping data for table `stok_history`
--

INSERT INTO `stok_history` (`id_stok_history`, `id_produk`, `perubahan_stok`, `qty_setelah_ubah`, `tanggal_transaksi`, `tipe_transaksi`, `id_supplier`, `id_user`, `created_at`, `updated_at`) VALUES
(1, 'P-001', -1, 49, '2025-07-25 15:32:29', 'Penjualan', 1, 2, '2025-07-25 08:32:29', '2025-07-25 08:32:29'),
(2, 'P-002', -1, 44, '2025-07-25 15:32:29', 'Penjualan', 1, 2, '2025-07-25 08:32:29', '2025-07-25 08:32:29'),
(3, 'P-005', -1, 65, '2025-07-25 15:32:29', 'Penjualan', 10, 2, '2025-07-25 08:32:29', '2025-07-25 08:32:29'),
(4, 'P-006', -1, 30, '2025-07-25 15:32:29', 'Penjualan', 8, 2, '2025-07-25 08:32:29', '2025-07-25 08:32:29'),
(5, 'P-009', -1, 61, '2025-07-25 15:32:29', 'Penjualan', 7, 2, '2025-07-25 08:32:29', '2025-07-25 08:32:29'),
(6, 'P-010', -1, 34, '2025-07-25 15:32:29', 'Penjualan', 3, 2, '2025-07-25 08:32:29', '2025-07-25 08:32:29'),
(7, 'P-008', -1, 28, '2025-07-25 15:32:29', 'Penjualan', 2, 2, '2025-07-25 08:32:29', '2025-07-25 08:32:29'),
(8, 'P-003', -1, 36, '2025-07-25 15:32:29', 'Penjualan', 10, 2, '2025-07-25 08:32:29', '2025-07-25 08:32:29'),
(9, 'P-010', -1, 33, '2025-07-25 15:32:29', 'Penjualan', 3, 2, '2025-07-25 08:32:29', '2025-07-25 08:32:29'),
(10, 'P-008', -1, 27, '2025-07-25 15:32:29', 'Penjualan', 2, 2, '2025-07-25 08:32:29', '2025-07-25 08:32:29'),
(11, 'P-007', -1, 77, '2025-07-25 15:32:29', 'Penjualan', 6, 2, '2025-07-25 08:32:29', '2025-07-25 08:32:29'),
(12, 'P-004', -1, 52, '2025-07-25 15:32:29', 'Penjualan', 8, 2, '2025-07-25 08:32:29', '2025-07-25 08:32:29'),
(13, 'P-015', -1, 48, '2025-07-25 15:32:29', 'Penjualan', 2, 2, '2025-07-25 08:32:29', '2025-07-25 08:32:29'),
(14, 'P-009', -3, 58, '2025-07-25 15:32:29', 'Penjualan', 7, 2, '2025-07-25 08:32:29', '2025-07-25 08:32:29'),
(15, 'P-003', -3, 33, '2025-07-25 15:32:29', 'Penjualan', 10, 2, '2025-07-25 08:32:29', '2025-07-25 08:32:29'),
(16, 'P-004', -2, 50, '2025-07-25 15:32:29', 'Penjualan', 8, 2, '2025-07-25 08:32:29', '2025-07-25 08:32:29'),
(17, 'P-010', -2, 31, '2025-07-25 15:32:29', 'Penjualan', 3, 2, '2025-07-25 08:32:29', '2025-07-25 08:32:29'),
(18, 'P-008', -2, 25, '2025-07-25 15:32:29', 'Penjualan', 2, 2, '2025-07-25 08:32:29', '2025-07-25 08:32:29'),
(19, 'P-002', -5, 39, '2025-07-25 15:32:29', 'Penjualan', 1, 2, '2025-07-25 08:32:29', '2025-07-25 08:32:29'),
(20, 'P-005', -3, 62, '2025-07-25 15:32:29', 'Penjualan', 10, 2, '2025-07-25 08:32:29', '2025-07-25 08:32:29'),
(21, 'P-010', -3, 28, '2025-07-25 15:32:29', 'Penjualan', 3, 2, '2025-07-25 08:32:29', '2025-07-25 08:32:29'),
(22, 'P-008', -1, 24, '2025-07-25 15:32:29', 'Penjualan', 2, 2, '2025-07-25 08:32:29', '2025-07-25 08:32:29'),
(23, 'P-031', -1, 11, '2025-07-25 15:32:29', 'Penjualan', 9, 2, '2025-07-25 08:32:29', '2025-07-25 08:32:29'),
(24, 'P-027', -1, 16, '2025-07-25 15:32:29', 'Penjualan', 5, 2, '2025-07-25 08:32:29', '2025-07-25 08:32:29'),
(25, 'P-033', -1, 8, '2025-07-25 15:32:29', 'Penjualan', 5, 2, '2025-07-25 08:32:29', '2025-07-25 08:32:29'),
(26, 'P-031', -1, 10, '2025-07-25 15:32:29', 'Penjualan', 9, 2, '2025-07-25 08:32:29', '2025-07-25 08:32:29'),
(27, 'P-020', -1, 76, '2025-07-25 15:32:29', 'Penjualan', 2, 2, '2025-07-25 08:32:29', '2025-07-25 08:32:29'),
(28, 'P-007', -1, 76, '2025-07-25 15:32:29', 'Penjualan', 6, 2, '2025-07-25 08:32:29', '2025-07-25 08:32:29'),
(29, 'P-031', -1, 9, '2025-07-25 15:32:29', 'Penjualan', 9, 2, '2025-07-25 08:32:29', '2025-07-25 08:32:29'),
(30, 'P-002', -10, 29, '2025-07-25 15:32:29', 'Penjualan', 1, 2, '2025-07-25 08:32:29', '2025-07-25 08:32:29'),
(31, 'P-005', -10, 52, '2025-07-25 15:32:29', 'Penjualan', 10, 2, '2025-07-25 08:32:29', '2025-07-25 08:32:29'),
(32, 'P-029', -6, 5, '2025-07-25 15:32:29', 'Penjualan', 3, 2, '2025-07-25 08:32:29', '2025-07-25 08:32:29'),
(33, 'P-010', -1, 27, '2025-07-25 15:32:29', 'Penjualan', 3, 2, '2025-07-25 08:32:29', '2025-07-25 08:32:29'),
(34, 'P-008', -2, 22, '2025-07-25 15:32:29', 'Penjualan', 2, 2, '2025-07-25 08:32:29', '2025-07-25 08:32:29'),
(35, 'P-007', -2, 74, '2025-07-25 15:32:29', 'Penjualan', 6, 2, '2025-07-25 08:32:29', '2025-07-25 08:32:29'),
(36, 'P-015', -2, 46, '2025-07-25 15:32:29', 'Penjualan', 2, 2, '2025-07-25 08:32:29', '2025-07-25 08:32:29'),
(37, 'P-009', -1, 57, '2025-07-25 15:32:29', 'Penjualan', 7, 2, '2025-07-25 08:32:29', '2025-07-25 08:32:29'),
(38, 'P-032', -1, 6, '2025-07-25 15:32:29', 'Penjualan', 5, 2, '2025-07-25 08:32:29', '2025-07-25 08:32:29'),
(39, 'P-029', -1, 4, '2025-07-25 15:32:29', 'Penjualan', 3, 2, '2025-07-25 08:32:29', '2025-07-25 08:32:29'),
(40, 'P-002', -1, 28, '2025-07-25 15:32:29', 'Penjualan', 1, 2, '2025-07-25 08:32:29', '2025-07-25 08:32:29'),
(41, 'P-005', -1, 51, '2025-07-25 15:32:29', 'Penjualan', 10, 2, '2025-07-25 08:32:29', '2025-07-25 08:32:29'),
(42, 'P-027', -1, 15, '2025-07-25 15:32:29', 'Penjualan', 5, 2, '2025-07-25 08:32:29', '2025-07-25 08:32:29'),
(43, 'P-020', -1, 75, '2025-07-25 15:32:29', 'Penjualan', 2, 2, '2025-07-25 08:32:29', '2025-07-25 08:32:29'),
(44, 'P-007', -2, 72, '2025-07-25 15:32:29', 'Penjualan', 6, 2, '2025-07-25 08:32:29', '2025-07-25 08:32:29'),
(45, 'P-011', -2, 82, '2025-07-25 15:32:29', 'Penjualan', 3, 2, '2025-07-25 08:32:29', '2025-07-25 08:32:29'),
(46, 'P-015', -2, 44, '2025-07-25 15:32:29', 'Penjualan', 2, 2, '2025-07-25 08:32:29', '2025-07-25 08:32:29'),
(47, 'P-009', -2, 55, '2025-07-25 15:32:29', 'Penjualan', 7, 2, '2025-07-25 08:32:29', '2025-07-25 08:32:29'),
(48, 'P-032', -1, 5, '2025-07-25 15:32:29', 'Penjualan', 5, 2, '2025-07-25 08:32:29', '2025-07-25 08:32:29'),
(49, 'P-022', -1, 38, '2025-07-25 15:32:29', 'Penjualan', 1, 2, '2025-07-25 08:32:29', '2025-07-25 08:32:29'),
(50, 'P-020', -1, 74, '2025-07-25 15:32:29', 'Penjualan', 2, 2, '2025-07-25 08:32:29', '2025-07-25 08:32:29'),
(51, 'P-007', -1, 71, '2025-07-25 15:32:29', 'Penjualan', 6, 2, '2025-07-25 08:32:29', '2025-07-25 08:32:29'),
(52, 'P-006', -1, 29, '2025-07-25 15:32:29', 'Penjualan', 8, 2, '2025-07-25 08:32:29', '2025-07-25 08:32:29'),
(53, 'P-033', -1, 7, '2025-07-25 15:32:29', 'Penjualan', 5, 2, '2025-07-25 08:32:29', '2025-07-25 08:32:29'),
(54, 'P-023', -1, 89, '2025-07-25 15:32:29', 'Penjualan', 2, 2, '2025-07-25 08:32:29', '2025-07-25 08:32:29'),
(55, 'P-019', -1, 32, '2025-07-25 15:32:29', 'Penjualan', 1, 2, '2025-07-25 08:32:29', '2025-07-25 08:32:29'),
(56, 'P-002', -1, 27, '2025-07-25 15:32:29', 'Penjualan', 1, 2, '2025-07-25 08:32:29', '2025-07-25 08:32:29'),
(57, 'P-005', -1, 50, '2025-07-25 15:32:29', 'Penjualan', 10, 2, '2025-07-25 08:32:29', '2025-07-25 08:32:29'),
(58, 'P-008', -1, 21, '2025-07-25 15:32:29', 'Penjualan', 2, 2, '2025-07-25 08:32:29', '2025-07-25 08:32:29'),
(59, 'P-001', 12, 61, '2025-07-25 15:32:29', 'Restok', 1, 2, '2025-07-25 08:32:29', '2025-07-25 08:32:29'),
(60, 'P-020', -1, 73, '2025-07-25 15:32:29', 'Penjualan', 2, 2, '2025-07-25 08:32:29', '2025-07-25 08:32:29'),
(61, 'P-007', -1, 70, '2025-07-25 15:32:29', 'Penjualan', 6, 2, '2025-07-25 08:32:29', '2025-07-25 08:32:29'),
(62, 'P-026', -6, 61, '2025-07-25 15:32:29', 'Penjualan', 4, 2, '2025-07-25 08:32:29', '2025-07-25 08:32:29'),
(63, 'P-020', -4, 69, '2025-07-25 15:32:29', 'Penjualan', 2, 2, '2025-07-25 08:32:29', '2025-07-25 08:32:29'),
(64, 'P-007', -10, 60, '2025-07-25 15:32:29', 'Penjualan', 6, 2, '2025-07-25 08:32:29', '2025-07-25 08:32:29'),
(65, 'P-020', -5, 64, '2025-07-25 15:32:29', 'Penjualan', 2, 2, '2025-07-25 08:32:29', '2025-07-25 08:32:29'),
(66, 'P-014', -2, 56, '2025-07-25 15:32:29', 'Penjualan', 1, 2, '2025-07-25 08:32:29', '2025-07-25 08:32:29'),
(67, 'P-008', -2, 19, '2025-07-25 15:32:29', 'Penjualan', 2, 2, '2025-07-25 08:32:29', '2025-07-25 08:32:29'),
(68, 'P-010', -3, 24, '2025-07-25 15:32:29', 'Penjualan', 3, 2, '2025-07-25 08:32:29', '2025-07-25 08:32:29'),
(69, 'P-009', -3, 52, '2025-07-25 15:32:29', 'Penjualan', 7, 2, '2025-07-25 08:32:29', '2025-07-25 08:32:29'),
(70, 'P-015', -3, 41, '2025-07-25 15:32:29', 'Penjualan', 2, 2, '2025-07-25 08:32:29', '2025-07-25 08:32:29'),
(71, 'P-010', -8, 16, '2025-07-25 15:32:29', 'Penjualan', 3, 2, '2025-07-25 08:32:29', '2025-07-25 08:32:29'),
(72, 'P-015', -3, 38, '2025-07-25 15:32:29', 'Penjualan', 2, 2, '2025-07-25 08:32:29', '2025-07-25 08:32:29'),
(73, 'P-009', -3, 49, '2025-07-25 15:32:29', 'Penjualan', 7, 2, '2025-07-25 08:32:29', '2025-07-25 08:32:29'),
(74, 'P-031', -2, 7, '2025-07-25 15:32:29', 'Penjualan', 9, 2, '2025-07-25 08:32:29', '2025-07-25 08:32:29'),
(75, 'P-028', -10, 10, '2025-07-25 15:32:29', 'Penjualan', 2, 2, '2025-07-25 08:32:29', '2025-07-25 08:32:29'),
(76, 'P-022', -1, 37, '2025-07-25 15:32:29', 'Penjualan', 1, 2, '2025-07-25 08:32:29', '2025-07-25 08:32:29'),
(77, 'P-019', -1, 31, '2025-07-25 15:32:29', 'Penjualan', 1, 2, '2025-07-25 08:32:29', '2025-07-25 08:32:29'),
(78, 'P-010', -1, 15, '2025-07-25 15:32:29', 'Penjualan', 3, 2, '2025-07-25 08:32:29', '2025-07-25 08:32:29'),
(79, 'P-008', -1, 18, '2025-07-25 15:32:29', 'Penjualan', 2, 2, '2025-07-25 08:32:29', '2025-07-25 08:32:29'),
(80, 'P-020', -1, 63, '2025-07-25 15:32:29', 'Penjualan', 2, 2, '2025-07-25 08:32:29', '2025-07-25 08:32:29'),
(81, 'P-007', -1, 59, '2025-07-25 15:32:29', 'Penjualan', 6, 2, '2025-07-25 08:32:29', '2025-07-25 08:32:29'),
(82, 'P-032', -3, 2, '2025-07-25 15:32:29', 'Penjualan', 5, 2, '2025-07-25 08:32:29', '2025-07-25 08:32:29'),
(83, 'P-027', -10, 5, '2025-07-25 15:32:29', 'Penjualan', 5, 2, '2025-07-25 08:32:29', '2025-07-25 08:32:29'),
(84, 'P-022', -7, 30, '2025-07-25 15:32:29', 'Penjualan', 1, 2, '2025-07-25 08:32:29', '2025-07-25 08:32:29'),
(85, 'P-015', -6, 32, '2025-07-25 15:32:29', 'Penjualan', 2, 2, '2025-07-25 08:32:29', '2025-07-25 08:32:29'),
(86, 'P-009', -6, 43, '2025-07-25 15:32:29', 'Penjualan', 7, 2, '2025-07-25 08:32:29', '2025-07-25 08:32:29'),
(87, 'P-015', -2, 30, '2025-07-25 15:32:29', 'Penjualan', 2, 2, '2025-07-25 08:32:29', '2025-07-25 08:32:29'),
(88, 'P-008', -2, 16, '2025-07-25 15:32:29', 'Penjualan', 2, 2, '2025-07-25 08:32:29', '2025-07-25 08:32:29'),
(89, 'P-001', -2, 59, '2025-07-25 15:32:29', 'Penjualan', 1, 2, '2025-07-25 08:32:29', '2025-07-25 08:32:29'),
(90, 'P-002', -1, 26, '2025-07-25 15:32:29', 'Penjualan', 1, 2, '2025-07-25 08:32:29', '2025-07-25 08:32:29'),
(91, 'P-010', -1, 14, '2025-07-25 15:32:29', 'Penjualan', 3, 2, '2025-07-25 08:32:29', '2025-07-25 08:32:29'),
(92, 'P-008', -1, 15, '2025-07-25 15:32:29', 'Penjualan', 2, 2, '2025-07-25 08:32:29', '2025-07-25 08:32:29'),
(93, 'P-029', -1, 3, '2025-07-25 15:32:29', 'Penjualan', 3, 2, '2025-07-25 08:32:29', '2025-07-25 08:32:29'),
(94, 'P-015', -1, 29, '2025-07-25 15:32:29', 'Penjualan', 2, 2, '2025-07-25 08:32:29', '2025-07-25 08:32:29'),
(95, 'P-009', -6, 37, '2025-07-25 15:32:29', 'Penjualan', 7, 2, '2025-07-25 08:32:29', '2025-07-25 08:32:29'),
(96, 'P-006', -4, 25, '2025-07-25 15:32:29', 'Penjualan', 8, 2, '2025-07-25 08:32:29', '2025-07-25 08:32:29'),
(97, 'P-002', -4, 22, '2025-07-25 15:32:29', 'Penjualan', 1, 2, '2025-07-25 08:32:29', '2025-07-25 08:32:29'),
(98, 'P-005', -4, 46, '2025-07-25 15:32:29', 'Penjualan', 10, 2, '2025-07-25 08:32:29', '2025-07-25 08:32:29'),
(99, 'P-011', -1, 81, '2025-07-25 15:32:29', 'Penjualan', 3, 2, '2025-07-25 08:32:29', '2025-07-25 08:32:29'),
(100, 'P-024', -1, 69, '2025-07-25 15:32:29', 'Penjualan', 4, 2, '2025-07-25 08:32:29', '2025-07-25 08:32:29'),
(101, 'P-020', -1, 62, '2025-07-25 15:32:29', 'Penjualan', 2, 2, '2025-07-25 08:32:29', '2025-07-25 08:32:29'),
(102, 'P-007', -1, 58, '2025-07-25 15:32:29', 'Penjualan', 6, 2, '2025-07-25 08:32:29', '2025-07-25 08:32:29'),
(103, 'P-005', -1, 45, '2025-07-25 15:32:29', 'Penjualan', 10, 2, '2025-07-25 08:32:29', '2025-07-25 08:32:29'),
(104, 'P-002', -1, 21, '2025-07-25 15:32:29', 'Penjualan', 1, 2, '2025-07-25 08:32:29', '2025-07-25 08:32:29'),
(105, 'P-005', -1, 44, '2025-07-25 15:32:29', 'Penjualan', 10, 2, '2025-07-25 08:32:29', '2025-07-25 08:32:29'),
(106, 'P-012', -1, 43, '2025-07-25 15:32:29', 'Penjualan', 2, 2, '2025-07-25 08:32:29', '2025-07-25 08:32:29'),
(107, 'P-005', -1, 43, '2025-07-25 15:32:29', 'Penjualan', 10, 2, '2025-07-25 08:32:29', '2025-07-25 08:32:29'),
(108, 'P-007', -1, 57, '2025-07-25 15:32:29', 'Penjualan', 6, 2, '2025-07-25 08:32:29', '2025-07-25 08:32:29'),
(109, 'P-010', -1, 13, '2025-07-25 15:32:29', 'Penjualan', 3, 2, '2025-07-25 08:32:29', '2025-07-25 08:32:29'),
(110, 'P-003', -4, 29, '2025-07-25 15:32:29', 'Penjualan', 10, 2, '2025-07-25 08:32:29', '2025-07-25 08:32:29'),
(111, 'P-009', -2, 35, '2025-07-25 15:32:29', 'Penjualan', 7, 2, '2025-07-25 08:32:29', '2025-07-25 08:32:29'),
(112, 'P-029', -2, 1, '2025-07-25 15:32:29', 'Penjualan', 3, 2, '2025-07-25 08:32:29', '2025-07-25 08:32:29'),
(113, 'P-025', -10, 38, '2025-07-25 15:32:29', 'Penjualan', 2, 2, '2025-07-25 08:32:29', '2025-07-25 08:32:29'),
(114, 'P-028', -7, 3, '2025-07-25 15:32:29', 'Penjualan', 2, 2, '2025-07-25 08:32:29', '2025-07-25 08:32:29'),
(115, 'P-004', -2, 48, '2025-07-25 15:32:29', 'Penjualan', 8, 2, '2025-07-25 08:32:29', '2025-07-25 08:32:29'),
(116, 'P-008', -2, 13, '2025-07-25 15:32:29', 'Penjualan', 2, 2, '2025-07-25 08:32:29', '2025-07-25 08:32:29'),
(117, 'P-006', -1, 24, '2025-07-25 15:32:29', 'Penjualan', 8, 2, '2025-07-25 08:32:29', '2025-07-25 08:32:29'),
(118, 'P-016', -1, 67, '2025-07-25 15:32:29', 'Penjualan', 1, 2, '2025-07-25 08:32:29', '2025-07-25 08:32:29'),
(119, 'P-007', -1, 56, '2025-07-25 15:32:29', 'Penjualan', 6, 2, '2025-07-25 08:32:29', '2025-07-25 08:32:29'),
(120, 'P-009', -1, 34, '2025-07-25 15:32:29', 'Penjualan', 7, 2, '2025-07-25 08:32:29', '2025-07-25 08:32:29'),
(121, 'P-008', -1, 12, '2025-07-25 15:32:29', 'Penjualan', 2, 2, '2025-07-25 08:32:29', '2025-07-25 08:32:29'),
(122, 'P-017', -1, 11, '2025-07-25 15:32:29', 'Penjualan', 4, 2, '2025-07-25 08:32:29', '2025-07-25 08:32:29'),
(123, 'P-022', -1, 66, '2025-07-25 15:32:29', 'Penjualan', 6, 2, '2025-07-25 08:32:29', '2025-07-25 08:32:29'),
(124, 'P-015', -1, 31, '2025-07-25 15:32:29', 'Penjualan', 2, 2, '2025-07-25 08:32:29', '2025-07-25 08:32:29'),
(125, 'P-007', -6, 55, '2025-07-25 15:32:29', 'Penjualan', 6, 2, '2025-07-25 08:32:29', '2025-07-25 08:32:29'),
(126, 'P-003', -4, 28, '2025-07-25 15:32:29', 'Penjualan', 10, 2, '2025-07-25 08:32:29', '2025-07-25 08:32:29'),
(127, 'P-011', -1, 82, '2025-07-25 15:32:29', 'Penjualan', 3, 2, '2025-07-25 08:32:29', '2025-07-25 08:32:29'),
(128, 'P-020', -1, 63, '2025-07-25 15:32:29', 'Penjualan', 2, 2, '2025-07-25 08:32:29', '2025-07-25 08:32:29'),
(129, 'P-024', -1, 68, '2025-07-25 15:32:29', 'Penjualan', 4, 2, '2025-07-25 08:32:29', '2025-07-25 08:32:29'),
(130, 'P-005', -1, 47, '2025-07-25 15:32:29', 'Penjualan', 10, 2, '2025-07-25 08:32:29', '2025-07-25 08:32:29'),
(131, 'P-002', -1, 23, '2025-07-25 15:32:29', 'Penjualan', 1, 2, '2025-07-25 08:32:29', '2025-07-25 08:32:29'),
(132, 'P-005', -1, 46, '2025-07-25 15:32:29', 'Penjualan', 10, 2, '2025-07-25 08:32:29', '2025-07-25 08:32:29'),
(133, 'P-012', -1, 42, '2025-07-25 15:32:29', 'Penjualan', 2, 2, '2025-07-25 08:32:29', '2025-07-25 08:32:29'),
(134, 'P-005', -1, 45, '2025-07-25 15:32:29', 'Penjualan', 10, 2, '2025-07-25 08:32:29', '2025-07-25 08:32:29'),
(135, 'P-007', -1, 59, '2025-07-25 15:32:29', 'Penjualan', 6, 2, '2025-07-25 08:32:29', '2025-07-25 08:32:29'),
(136, 'P-010', -1, 15, '2025-07-25 15:32:29', 'Penjualan', 3, 2, '2025-07-25 08:32:29', '2025-07-25 08:32:29'),
(137, 'P-003', -4, 30, '2025-07-25 15:32:29', 'Penjualan', 10, 2, '2025-07-25 08:32:29', '2025-07-25 08:32:29'),
(138, 'P-029', -2, 2, '2025-07-25 15:32:29', 'Penjualan', 3, 2, '2025-07-25 08:32:29', '2025-07-25 08:32:29'),
(139, 'P-009', -2, 36, '2025-07-25 15:32:29', 'Penjualan', 7, 2, '2025-07-25 08:32:29', '2025-07-25 08:32:29'),
(140, 'P-032', -2, 0, '2025-07-25 15:32:29', 'Penjualan', 5, 2, '2025-07-25 08:32:29', '2025-07-25 08:32:29'),
(141, 'P-030', -1, 13, '2025-07-25 15:32:29', 'Penjualan', 9, 2, '2025-07-25 08:32:29', '2025-07-25 08:32:29'),
(142, 'P-005', -1, 40, '2025-07-25 15:32:29', 'Penjualan', 10, 2, '2025-07-25 08:32:29', '2025-07-25 08:32:29'),
(143, 'P-012', -1, 41, '2025-07-25 15:32:29', 'Penjualan', 2, 2, '2025-07-25 08:32:29', '2025-07-25 08:32:29'),
(144, 'P-004', -1, 40, '2025-07-25 15:32:29', 'Penjualan', 8, 2, '2025-07-25 08:32:29', '2025-07-25 08:32:29'),
(145, 'P-008', -1, 10, '2025-07-25 15:32:29', 'Penjualan', 2, 2, '2025-07-25 08:32:29', '2025-07-25 08:32:29'),
(146, 'P-027', -1, 4, '2025-07-25 15:32:29', 'Penjualan', 5, 2, '2025-07-25 08:32:29', '2025-07-25 08:32:29'),
(147, 'P-016', -1, 65, '2025-07-25 15:32:29', 'Penjualan', 1, 2, '2025-07-25 08:32:29', '2025-07-25 08:32:29'),
(148, 'P-007', -1, 54, '2025-07-25 15:32:29', 'Penjualan', 6, 2, '2025-07-25 08:32:29', '2025-07-25 08:32:29'),
(149, 'P-003', -1, 27, '2025-07-25 15:32:29', 'Penjualan', 10, 2, '2025-07-25 08:32:29', '2025-07-25 08:32:29'),
(150, 'P-010', -1, 12, '2025-07-25 15:32:29', 'Penjualan', 3, 2, '2025-07-25 08:32:29', '2025-07-25 08:32:29'),
(151, 'P-008', -1, 9, '2025-07-25 15:32:29', 'Penjualan', 2, 2, '2025-07-25 08:32:29', '2025-07-25 08:32:29'),
(152, 'P-004', -5, 35, '2025-07-25 15:32:29', 'Penjualan', 8, 2, '2025-07-25 08:32:29', '2025-07-25 08:32:29'),
(153, 'P-009', -2, 31, '2025-07-25 15:32:29', 'Penjualan', 7, 2, '2025-07-25 08:32:29', '2025-07-25 08:32:29'),
(154, 'P-012', -2, 39, '2025-07-25 15:32:29', 'Penjualan', 2, 2, '2025-07-25 08:32:29', '2025-07-25 08:32:29'),
(155, 'P-005', -2, 38, '2025-07-25 15:32:29', 'Penjualan', 10, 2, '2025-07-25 08:32:29', '2025-07-25 08:32:29'),
(156, 'P-030', -2, 11, '2025-07-25 15:32:29', 'Penjualan', 9, 2, '2025-07-25 08:32:29', '2025-07-25 08:32:29'),
(157, 'P-007', -8, 46, '2025-07-25 15:32:29', 'Penjualan', 6, 2, '2025-07-25 08:32:29', '2025-07-25 08:32:29'),
(158, 'P-021', -1, 54, '2025-07-25 15:32:29', 'Penjualan', 3, 2, '2025-07-25 08:32:29', '2025-07-25 08:32:29'),
(159, 'P-003', -1, 26, '2025-07-25 15:32:29', 'Penjualan', 10, 2, '2025-07-25 08:32:29', '2025-07-25 08:32:29'),
(160, 'P-009', -1, 30, '2025-07-25 15:32:29', 'Penjualan', 7, 2, '2025-07-25 08:32:29', '2025-07-25 08:32:29'),
(161, 'P-005', -1, 37, '2025-07-25 15:32:29', 'Penjualan', 10, 2, '2025-07-25 08:32:29', '2025-07-25 08:32:29'),
(162, 'P-024', -7, 62, '2025-07-25 15:32:29', 'Penjualan', 4, 2, '2025-07-25 08:32:29', '2025-07-25 08:32:29'),
(163, 'P-011', -3, 76, '2025-07-25 15:32:29', 'Penjualan', 3, 2, '2025-07-25 08:32:29', '2025-07-25 08:32:29'),
(164, 'P-002', -3, 16, '2025-07-25 15:32:29', 'Penjualan', 1, 2, '2025-07-25 08:32:29', '2025-07-25 08:32:29'),
(165, 'P-001', -3, 53, '2025-07-25 15:32:29', 'Penjualan', 1, 2, '2025-07-25 08:32:29', '2025-07-25 08:32:29'),
(166, 'P-008', -1, 8, '2025-07-25 15:32:29', 'Penjualan', 2, 2, '2025-07-25 08:32:29', '2025-07-25 08:32:29'),
(167, 'P-005', -1, 36, '2025-07-25 15:32:29', 'Penjualan', 10, 2, '2025-07-25 08:32:29', '2025-07-25 08:32:29'),
(168, 'P-004', -1, 34, '2025-07-25 15:32:29', 'Penjualan', 8, 2, '2025-07-25 08:32:29', '2025-07-25 08:32:29'),
(169, 'P-008', -1, 7, '2025-07-25 15:32:29', 'Penjualan', 2, 2, '2025-07-25 08:32:29', '2025-07-25 08:32:29'),
(170, 'P-005', -1, 35, '2025-07-25 15:32:29', 'Penjualan', 10, 2, '2025-07-25 08:32:29', '2025-07-25 08:32:29'),
(171, 'P-006', -1, 23, '2025-07-25 15:32:29', 'Penjualan', 8, 2, '2025-07-25 08:32:29', '2025-07-25 08:32:29'),
(172, 'P-010', -1, 11, '2025-07-25 15:32:29', 'Penjualan', 3, 2, '2025-07-25 08:32:29', '2025-07-25 08:32:29'),
(173, 'P-008', -1, 6, '2025-07-25 15:32:29', 'Penjualan', 2, 2, '2025-07-25 08:32:29', '2025-07-25 08:32:29'),
(174, 'P-003', -4, 22, '2025-07-25 15:32:29', 'Penjualan', 10, 2, '2025-07-25 08:32:29', '2025-07-25 08:32:29'),
(175, 'P-009', -2, 28, '2025-07-25 15:32:29', 'Penjualan', 7, 2, '2025-07-25 08:32:29', '2025-07-25 08:32:29'),
(176, 'P-010', -2, 9, '2025-07-25 15:32:29', 'Penjualan', 3, 2, '2025-07-25 08:32:29', '2025-07-25 08:32:29'),
(177, 'P-005', -1, 34, '2025-07-25 15:32:29', 'Penjualan', 10, 2, '2025-07-25 08:32:29', '2025-07-25 08:32:29'),
(178, 'P-024', -1, 61, '2025-07-25 15:32:29', 'Penjualan', 4, 2, '2025-07-25 08:32:29', '2025-07-25 08:32:29'),
(179, 'P-028', -1, 2, '2025-07-25 15:32:29', 'Penjualan', 2, 2, '2025-07-25 08:32:29', '2025-07-25 08:32:29'),
(180, 'P-001', -1, 52, '2025-08-03 16:16:19', 'Penjualan', 1, 2, '2025-08-03 09:16:19', '2025-08-03 09:16:19'),
(181, 'P-002', -1, 15, '2025-08-03 16:16:34', 'Penjualan', 1, 2, '2025-08-03 09:16:34', '2025-08-03 09:16:34'),
(182, 'P-008', -1, 5, '2025-08-03 16:16:54', 'Penjualan', 2, 2, '2025-08-03 09:16:54', '2025-08-03 09:16:54'),
(183, 'P-010', -1, 8, '2025-08-03 16:17:11', 'Penjualan', 3, 2, '2025-08-03 09:17:11', '2025-08-03 09:17:11'),
(184, 'P-005', -1, 33, '2025-08-03 16:17:42', 'Penjualan', 10, 2, '2025-08-03 09:17:42', '2025-08-03 09:17:42'),
(185, 'P-007', -1, 45, '2025-08-03 16:17:59', 'Penjualan', 6, 2, '2025-08-03 09:17:59', '2025-08-03 09:17:59'),
(186, 'P-002', -1, 14, '2025-08-03 18:56:34', 'Penjualan', 1, 2, '2025-08-03 11:56:34', '2025-08-03 11:56:34'),
(187, 'P-002', -3, 11, '2025-08-03 18:59:00', 'Penjualan', 1, 2, '2025-08-03 11:59:00', '2025-08-03 11:59:00'),
(188, 'P-008', -4, 1, '2025-08-03 18:59:00', 'Penjualan', 2, 2, '2025-08-03 11:59:00', '2025-08-03 11:59:00'),
(189, 'P-001', 20, 72, '2025-08-03 19:00:29', 'Restok', 1, 2, '2025-08-03 12:00:29', '2025-08-03 12:00:29'),
(190, 'P-005', -2, 31, '2025-08-03 19:05:58', 'Penjualan', 10, 2, '2025-08-03 12:05:58', '2025-08-03 12:05:58'),
(191, 'P-011', -2, 74, '2025-08-03 19:05:58', 'Penjualan', 3, 2, '2025-08-03 12:05:58', '2025-08-03 12:05:58'),
(192, 'P-008', -1, 0, '2025-08-03 19:06:55', 'Penjualan', 2, 2, '2025-08-03 12:06:55', '2025-08-03 12:06:55'),
(193, 'P-004', -1, 33, '2025-08-03 19:15:40', 'Penjualan', 8, 2, '2025-08-03 12:15:40', '2025-08-03 12:15:40'),
(194, 'P-007', -6, 39, '2025-08-03 19:21:01', 'Penjualan', 6, 2, '2025-08-03 12:21:01', '2025-08-03 12:21:01'),
(195, 'P-004', -1, 32, '2025-08-03 19:21:37', 'Penjualan', 8, 2, '2025-08-03 12:21:37', '2025-08-03 12:21:37'),
(196, 'P-014', -1, 55, '2025-08-03 19:21:37', 'Penjualan', 1, 2, '2025-08-03 12:21:37', '2025-08-03 12:21:37'),
(197, 'P-001', 20, 92, '2025-08-03 19:22:04', 'Restok', 1, 2, '2025-08-03 12:22:04', '2025-08-03 12:22:04'),
(198, 'P-007', -6, 33, '2025-08-03 19:23:04', 'Penjualan', 6, 2, '2025-08-03 12:23:04', '2025-08-03 12:23:04'),
(199, 'P-009', -3, 25, '2025-08-03 19:23:04', 'Penjualan', 7, 2, '2025-08-03 12:23:04', '2025-08-03 12:23:04'),
(200, 'P-002', -1, 10, '2025-08-03 19:23:21', 'Penjualan', 1, 2, '2025-08-03 12:23:21', '2025-08-03 12:23:21'),
(201, 'P-005', -2, 29, '2025-08-03 19:23:58', 'Penjualan', 10, 2, '2025-08-03 12:23:58', '2025-08-03 12:23:58'),
(202, 'P-006', -1, 22, '2025-08-03 19:29:12', 'Penjualan', 8, 2, '2025-08-03 12:29:12', '2025-08-03 12:29:12'),
(203, 'P-005', -1, 28, '2025-08-03 19:29:12', 'Penjualan', 10, 2, '2025-08-03 12:29:12', '2025-08-03 12:29:12'),
(204, 'P-006', -1, 21, '2025-08-03 19:29:12', 'Penjualan', 8, 2, '2025-08-03 12:29:12', '2025-08-03 12:29:12'),
(205, 'P-005', -1, 27, '2025-08-03 19:29:12', 'Penjualan', 10, 2, '2025-08-03 12:29:12', '2025-08-03 12:29:12'),
(206, 'P-007', -1, 32, '2025-08-03 19:29:41', 'Penjualan', 6, 2, '2025-08-03 12:29:41', '2025-08-03 12:29:41'),
(207, 'P-009', -1, 24, '2025-08-03 19:29:41', 'Penjualan', 7, 2, '2025-08-03 12:29:41', '2025-08-03 12:29:41'),
(208, 'P-030', -1, 10, '2025-08-03 19:29:58', 'Penjualan', 9, 2, '2025-08-03 12:29:58', '2025-08-03 12:29:58'),
(209, 'P-004', -1, 31, '2025-08-03 19:30:26', 'Penjualan', 8, 2, '2025-08-03 12:30:26', '2025-08-03 12:30:26'),
(210, 'P-014', -1, 54, '2025-08-03 19:30:26', 'Penjualan', 1, 2, '2025-08-03 12:30:26', '2025-08-03 12:30:26'),
(211, 'P-006', -1, 20, '2025-08-03 19:30:43', 'Penjualan', 8, 2, '2025-08-03 12:30:43', '2025-08-03 12:30:43'),
(212, 'P-005', -1, 26, '2025-08-03 19:31:10', 'Penjualan', 10, 2, '2025-08-03 12:31:10', '2025-08-03 12:31:10'),
(213, 'P-011', -1, 73, '2025-08-03 19:31:10', 'Penjualan', 3, 2, '2025-08-03 12:31:10', '2025-08-03 12:31:10'),
(214, 'P-006', -1, 19, '2025-08-03 19:31:35', 'Penjualan', 8, 2, '2025-08-03 12:31:35', '2025-08-03 12:31:35'),
(215, 'P-005', -1, 25, '2025-08-03 19:31:35', 'Penjualan', 10, 2, '2025-08-03 12:31:35', '2025-08-03 12:31:35');

-- --------------------------------------------------------

--
-- Table structure for table `supplier`
--

CREATE TABLE `supplier` (
  `id_supplier` int(4) NOT NULL,
  `nama_supplier` varchar(50) NOT NULL,
  `email` varchar(30) NOT NULL,
  `no_hp` varchar(14) NOT NULL,
  `alamat` text NOT NULL,
  `created_at` timestamp NOT NULL DEFAULT current_timestamp(),
  `updated_at` timestamp NOT NULL DEFAULT current_timestamp() ON UPDATE current_timestamp()
) ENGINE=InnoDB DEFAULT CHARSET=utf8mb4 COLLATE=utf8mb4_general_ci;

--
-- Dumping data for table `supplier`
--

INSERT INTO `supplier` (`id_supplier`, `nama_supplier`, `email`, `no_hp`, `alamat`, `created_at`, `updated_at`) VALUES
(1, 'Andi (penjahit)', 'andi_penjahit11@gmail.com', '082311415789', 'Jl. Letjen Suprapto, Pekalongan', '2025-02-12 15:17:48', '2025-08-03 10:19:49'),
(2, 'Indah (penjahit)', 'indah@gmail.com', '081234567890', 'Jl. Batik No. 10, Jakarta', '2025-02-12 15:21:01', '2025-02-12 15:21:01'),
(3, 'Batik Cendana', 'contact@batikcendana.com', '082345678901', 'Jl. Merdeka No. 45, Pekalongan', '2025-02-12 15:21:01', '2025-02-13 05:37:45'),
(4, 'Batik Nusantara', 'support@batiknusantara.com', '083456789012', 'Jl. Raya Batik No. 7, Yogyakarta', '2025-02-12 15:21:01', '2025-02-12 15:21:01'),
(5, 'Batik Klasik', 'sales@batikklasik.com', '084567890123', 'Jl. Raya Barat No. 12, Surabaya', '2025-02-12 15:21:01', '2025-02-12 15:21:01'),
(6, 'Sumber Batik', 'info@sumberbatik.com', '085678901234', 'Jl. Batik Timur No. 4, Semarang', '2025-02-12 15:21:01', '2025-02-12 15:21:01'),
(7, 'Batik Modern', 'info@batikmodern.com', '086789012345', 'Jl. Modern No. 14, Malang', '2025-02-12 15:21:01', '2025-02-12 15:21:01'),
(8, 'Batik Tulis Indonesia', 'sales@batiktulis.com', '087890123456', 'Jl. Tulis No. 22, Solo', '2025-02-12 15:21:01', '2025-02-12 15:21:01'),
(9, 'Batik Manis', 'support@batikmanis.com', '088901234567', 'Jl. Batik Manis No. 5, Makassar', '2025-02-12 15:21:01', '2025-02-12 15:21:01'),
(10, 'Batik Lestari', 'contact@batiklestari.com', '089012345678', 'Jl. Lestari No. 19, Medan', '2025-02-12 15:21:01', '2025-02-12 15:21:01'),
(12, 'Batik Cita Pekajangan', 'batikcita@gmail.com', '08124567', 'Pekajangan ', '2025-02-13 05:35:07', '2025-02-13 05:35:07');

-- --------------------------------------------------------

--
-- Table structure for table `user`
--

CREATE TABLE `user` (
  `id_user` int(1) NOT NULL,
  `username` varchar(15) NOT NULL,
  `nama_user` varchar(20) NOT NULL,
  `password` varchar(200) NOT NULL,
  `level` char(1) NOT NULL,
  `tanggal` timestamp NOT NULL DEFAULT current_timestamp() ON UPDATE current_timestamp()
) ENGINE=InnoDB DEFAULT CHARSET=utf8mb4 COLLATE=utf8mb4_general_ci;

--
-- Dumping data for table `user`
--

INSERT INTO `user` (`id_user`, `username`, `nama_user`, `password`, `level`, `tanggal`) VALUES
(1, 'Admin', 'Admin1', '$2y$10$MkBN1uLDHpbOhHTj4wVbrerAmjLU/oFX.GFUbISFSKtVLcMTkXsrC', '1', '2025-08-03 11:45:04'),
(2, 'Kasir', 'Kasir', '$2y$10$uuQsf7G4RzUhjm6gy2cNyeckN/EQ0EYR2qLlb81zRCgxRNwsofVTS', '2', '2025-02-12 15:05:08');

--
-- Indexes for dumped tables
--

--
-- Indexes for table `hasil_analisis_apriori`
--
ALTER TABLE `hasil_analisis_apriori`
  ADD PRIMARY KEY (`id_analisis`);

--
-- Indexes for table `kategori`
--
ALTER TABLE `kategori`
  ADD PRIMARY KEY (`id_kategori`);

--
-- Indexes for table `penjualan`
--
ALTER TABLE `penjualan`
  ADD PRIMARY KEY (`id_penjualan`);

--
-- Indexes for table `penjualan_produk`
--
ALTER TABLE `penjualan_produk`
  ADD PRIMARY KEY (`id_penjualan_produk`);

--
-- Indexes for table `produk`
--
ALTER TABLE `produk`
  ADD PRIMARY KEY (`id_produk`);

--
-- Indexes for table `retur`
--
ALTER TABLE `retur`
  ADD PRIMARY KEY (`id_retur`);

--
-- Indexes for table `stok`
--
ALTER TABLE `stok`
  ADD PRIMARY KEY (`id_stok`);

--
-- Indexes for table `stok_history`
--
ALTER TABLE `stok_history`
  ADD PRIMARY KEY (`id_stok_history`);

--
-- Indexes for table `supplier`
--
ALTER TABLE `supplier`
  ADD PRIMARY KEY (`id_supplier`);

--
-- Indexes for table `user`
--
ALTER TABLE `user`
  ADD PRIMARY KEY (`id_user`);

--
-- AUTO_INCREMENT for dumped tables
--

--
-- AUTO_INCREMENT for table `hasil_analisis_apriori`
--
ALTER TABLE `hasil_analisis_apriori`
  MODIFY `id_analisis` int(5) NOT NULL AUTO_INCREMENT, AUTO_INCREMENT=53;

--
-- AUTO_INCREMENT for table `penjualan`
--
ALTER TABLE `penjualan`
  MODIFY `id_penjualan` int(4) NOT NULL AUTO_INCREMENT, AUTO_INCREMENT=150;

--
-- AUTO_INCREMENT for table `penjualan_produk`
--
ALTER TABLE `penjualan_produk`
  MODIFY `id_penjualan_produk` int(5) NOT NULL AUTO_INCREMENT, AUTO_INCREMENT=211;

--
-- AUTO_INCREMENT for table `retur`
--
ALTER TABLE `retur`
  MODIFY `id_retur` int(3) NOT NULL AUTO_INCREMENT, AUTO_INCREMENT=13;

--
-- AUTO_INCREMENT for table `stok`
--
ALTER TABLE `stok`
  MODIFY `id_stok` int(4) NOT NULL AUTO_INCREMENT, AUTO_INCREMENT=36;

--
-- AUTO_INCREMENT for table `stok_history`
--
ALTER TABLE `stok_history`
  MODIFY `id_stok_history` int(11) NOT NULL AUTO_INCREMENT, AUTO_INCREMENT=216;

--
-- AUTO_INCREMENT for table `supplier`
--
ALTER TABLE `supplier`
  MODIFY `id_supplier` int(4) NOT NULL AUTO_INCREMENT, AUTO_INCREMENT=16;

--
-- AUTO_INCREMENT for table `user`
--
ALTER TABLE `user`
  MODIFY `id_user` int(1) NOT NULL AUTO_INCREMENT, AUTO_INCREMENT=6;
COMMIT;

/*!40101 SET CHARACTER_SET_CLIENT=@OLD_CHARACTER_SET_CLIENT */;
/*!40101 SET CHARACTER_SET_RESULTS=@OLD_CHARACTER_SET_RESULTS */;
/*!40101 SET COLLATION_CONNECTION=@OLD_COLLATION_CONNECTION */;
